review_id	group_id	category	object_type	object_id	current_state	proposed_state	recommended_action	confidence	evidence_summary	evidence_sources	reason	protected_status	dependency	predicted_impact	review_priority	mandatory	human_decision	human_value	human_note	apply_to_group	member_count	source_detail_file
HBREV-0001	BIOM-0B51A0AECB	BIOMASS	BIOMASS_MODULE	RNA	legacy Growth coefficients	0.210000 g/gDW	REVIEW_BIOMASS_MODULE	MEDIUM	V2.2 RNA assumption and ATP_RNA bookkeeping	gapfilling/BIOMASS_V2_2_SAME_COMPONENTS_REPORT.md	Biomass biological assumption requires one-time module-level expert review.	CRITICAL	precursor audit; gapfill; growth; phenotype	V2.2 report: net MW=1.0 and growth change +1.488%; finalize must recompute	P0	YES					1	BIOMASS_PROPOSAL.tsv
HBREV-0002	BIOM-47E89AF641	BIOMASS	BIOMASS_MODULE	Cofactors	legacy residual scaffold	V2.2 same-components retained	REVIEW_BIOMASS_MODULE	MEDIUM	HB residual scaffold	gapfilling/BIOMASS_V2_2_SAME_COMPONENTS_REPORT.md	Biomass biological assumption requires one-time module-level expert review.	CRITICAL	precursor audit; gapfill; growth; phenotype	V2.2 report: net MW=1.0 and growth change +1.488%; finalize must recompute	P0	YES					1	BIOMASS_PROPOSAL.tsv
HBREV-0003	BIOM-4D9E779CD9	BIOMASS	BIOMASS_MODULE	DNA	legacy Growth coefficients	0.031000 g/gDW	REVIEW_BIOMASS_MODULE	HIGH	genome composition / V2.2 normalization	gapfilling/BIOMASS_V2_2_SAME_COMPONENTS_REPORT.md	Biomass biological assumption requires one-time module-level expert review.	CRITICAL	precursor audit; gapfill; growth; phenotype	V2.2 report: net MW=1.0 and growth change +1.488%; finalize must recompute	P0	YES					1	BIOMASS_PROPOSAL.tsv
HBREV-0004	BIOM-68C72C11AB	BIOMASS	BIOMASS_MODULE	GAM	legacy ATP bookkeeping	53.950000 mmol ATP/gDW	REVIEW_BIOMASS_MODULE	MEDIUM	V2.2 validated bookkeeping	gapfilling/BIOMASS_V2_2_SAME_COMPONENTS_REPORT.md	Biomass biological assumption requires one-time module-level expert review.	CRITICAL	precursor audit; gapfill; growth; phenotype	V2.2 report: net MW=1.0 and growth change +1.488%; finalize must recompute	P0	YES					1	BIOMASS_PROPOSAL.tsv
HBREV-0005	BIOM-8C4E056BCA	BIOMASS	BIOMASS_MODULE	Lipid	legacy residual scaffold	V2.2 same-components retained	REVIEW_BIOMASS_MODULE	MEDIUM	HB residual scaffold	gapfilling/BIOMASS_V2_2_SAME_COMPONENTS_REPORT.md	Biomass biological assumption requires one-time module-level expert review.	CRITICAL	precursor audit; gapfill; growth; phenotype	V2.2 report: net MW=1.0 and growth change +1.488%; finalize must recompute	P0	YES					1	BIOMASS_PROPOSAL.tsv
HBREV-0006	BIOM-92A31F1DE3	BIOMASS	BIOMASS_MODULE	Protein	legacy Growth coefficients	0.550000 g/gDW	REVIEW_BIOMASS_MODULE	HIGH	proteome-derived amino-acid composition	gapfilling/BIOMASS_V2_2_SAME_COMPONENTS_REPORT.md	Biomass biological assumption requires one-time module-level expert review.	CRITICAL	precursor audit; gapfill; growth; phenotype	V2.2 report: net MW=1.0 and growth change +1.488%; finalize must recompute	P0	YES					1	BIOMASS_PROPOSAL.tsv
HBREV-0007	BIOM-A1A244C902	BIOMASS	BIOMASS_MODULE	Cell wall	legacy residual scaffold	V2.2 same-components retained	REVIEW_BIOMASS_MODULE	MEDIUM	HB residual scaffold	gapfilling/BIOMASS_V2_2_SAME_COMPONENTS_REPORT.md	Biomass biological assumption requires one-time module-level expert review.	CRITICAL	precursor audit; gapfill; growth; phenotype	V2.2 report: net MW=1.0 and growth change +1.488%; finalize must recompute	P0	YES					1	BIOMASS_PROPOSAL.tsv
HBREV-0008	BIOM-F97E9DA0E3	BIOMASS	BIOMASS_MODULE	Other	legacy residual scaffold	Residual total 0.209000 g/gDW	REVIEW_BIOMASS_MODULE	MEDIUM	V2.2 residual normalization	gapfilling/BIOMASS_V2_2_SAME_COMPONENTS_REPORT.md	Biomass biological assumption requires one-time module-level expert review.	CRITICAL	precursor audit; gapfill; growth; phenotype	V2.2 report: net MW=1.0 and growth change +1.488%; finalize must recompute	P0	YES					1	BIOMASS_PROPOSAL.tsv
HBREV-0009	DIRE-61B946F81A	DIRECTION_CHEMISTRY	REACTION_GROUP	NADH10;NADH5;NADH9	DRAFT_BOUNDS;DRAFT_BOUNDS;DRAFT_BOUNDS	REVIEW_DIRECTION_EVIDENCE	REVIEW_DIRECTION	MIXED	INTERNAL_DIRECTION_DISAGREEMENT; HIGH;INTERNAL_DIRECTION_DISAGREEMENT; HIGH;INTERNAL_DIRECTION_DISAGREEMENT; HIGH	DIRECTION_PROPOSALS.tsv	Internal/special direction disagreement is review-only; universal bounds are not authoritative.	PROTECTED	growth; cycles; phenotype; unbounded flux	No bound change applied; full QC/phenotype regression required after finalize	P0	YES					3	DIRECTION_PROPOSALS.tsv
HBREV-0010	GAPF-4007419C98	GAPFILL	REACTION	GALKr	draft_presence=NO	RETAIN_SELECTED_GAPFILL_CHEMISTRY; GPR=EMPTY	REVIEW_SELECTED_GAPFILL	HISTORICALLY_VALIDATED	existing HB phenotype benchmark; no foreign GPR transfer	SELECTED_GAPFILL_REVIEW.tsv	Selected carbon phenotype repair from existing HB workflow	PROTECTED	carbon phenotype; GPR; exchange routes	Existing HB carbon-phenotype validation; finalize must rerun	P0	YES					1	SELECTED_GAPFILL_REVIEW.tsv
HBREV-0011	GAPF-53B1BCC23F	GAPFILL	REACTION	MANabcpp	draft_presence=NO	RETAIN_SELECTED_GAPFILL_CHEMISTRY; GPR=EMPTY	REVIEW_SELECTED_GAPFILL	HISTORICALLY_VALIDATED	existing HB phenotype benchmark; no foreign GPR transfer	SELECTED_GAPFILL_REVIEW.tsv	Selected carbon phenotype repair from existing HB workflow	CONDITIONAL	carbon phenotype; GPR; exchange routes	Existing HB carbon-phenotype validation; finalize must rerun	P0	YES					1	SELECTED_GAPFILL_REVIEW.tsv
HBREV-0012	GAPF-613C4D4585	GAPFILL	REACTION	HEX4	draft_presence=NO	RETAIN_SELECTED_GAPFILL_CHEMISTRY; GPR=EMPTY	REVIEW_SELECTED_GAPFILL	HISTORICALLY_VALIDATED	existing HB phenotype benchmark; no foreign GPR transfer	SELECTED_GAPFILL_REVIEW.tsv	Selected carbon phenotype repair from existing HB workflow	PROTECTED	carbon phenotype; GPR; exchange routes	Existing HB carbon-phenotype validation; finalize must rerun	P0	YES					1	SELECTED_GAPFILL_REVIEW.tsv
HBREV-0013	GAPF-E4E361D552	GAPFILL	REACTION	UGLT	draft_presence=NO	RETAIN_SELECTED_GAPFILL_CHEMISTRY; GPR=EMPTY	REVIEW_SELECTED_GAPFILL	HISTORICALLY_VALIDATED	existing HB phenotype benchmark; no foreign GPR transfer	SELECTED_GAPFILL_REVIEW.tsv	Selected carbon phenotype repair from existing HB workflow	PROTECTED	carbon phenotype; GPR; exchange routes	Existing HB carbon-phenotype validation; finalize must rerun	P0	YES					1	SELECTED_GAPFILL_REVIEW.tsv
HBREV-0014	GPR-6FEE4D293C	GPR	REACTION_GROUP	NADH5	EHJ92240_1 or EHJ92340_1 or EHJ92457_1 or EHJ92612_1 or EHJ94592_1	EHJ92340_1	REVIEW_GPR	GPR_LOW	GPR_MEDIUM; FAMILY_LEVEL_ONLY; EC=NO_REACTION_EC; UniProt=; RBH=	GPR_PROPOSALS.tsv	Changed GPR is conflict/clear/protected and therefore requires centralized adjudication.	PROTECTED	reaction retention; phenotype; downstream gene statistics	GPR-only change; stoichiometry unchanged; phenotype regression required after finalize	P0	YES					1	GPR_PROPOSALS.tsv
HBREV-0015	GPR-AB11AC9FB4	GPR	REACTION_GROUP	AACOAR_syn;ACCOAC;AGDC;ATHRDHr;ATPS4rpp;DHORDfum;DMPPS;DNTPPA;DURAD;DURAD2;ECOAH9ir;GLCDpp;H2ASE_syn;HACD1_1;HIBDkt;HXPRT;IPDPS;MGCH;NAPRT;OPHBDC;PPA2;PPAKr;PPK2;SSCOARy;THD2pp;TRE6PP;URIC	EHJ91589_1;EHJ91601_1 or EHJ91649_1 or (EHJ91601_1 and EHJ91602_1) or (EHJ91601_1 and EHJ91602_1 and EHJ91956_1) or (EHJ91601_1 and EHJ91956_1 and EHJ93768_1);EHJ91652_1;...(+24)	EHJ91589.1;EHJ91601_1 and [UNRESOLVED:HB_MODEL_ID:EHJ91600_1];EHJ91652.1;...(+24)	REVIEW_GPR	GPR_CONFLICT	GPR_CONFLICT; FAMILY_LEVEL_ONLY; EC=1.1.1.100; UniProt=A0A265E0N3; RBH=MBB3329262.1;GPR_CONFLICT; DIRECTLY_SUPPORTED; EC=CONFLICT; UniProt=; RBH=;GPR_CONFLICT; DIRECTLY_SUPPORTED; EC=NO_GENE_EC; UniProt=A0A265DZY4; RBH=MBB3331508.1;GPR_CONFLICT; DIRECTLY_SUPPORTED; EC=CONFLICT; UniProt=; RBH=;...(+23)	GPR_PROPOSALS.tsv	Changed GPR is conflict/clear/protected and therefore requires centralized adjudication.	CONDITIONAL;CRITICAL;PROTECTED	reaction retention; phenotype; downstream gene statistics	GPR-only change; stoichiometry unchanged; phenotype regression required after finalize	P0	YES					27	GPR_PROPOSALS.tsv
HBREV-0016	GPR-F3F2DC815B	GPR	REACTION_GROUP	SALCHS4FEabcpp	EHJ92678_1 and EHJ92703_1	EHJ92678.1 or EHJ92703.1	REVIEW_GPR	GPR_LOW	GPR_MEDIUM; FAMILY_LEVEL_ONLY; EC=NO_REACTION_EC; UniProt=A0A265DVS1;A0A265E1A2; RBH=	GPR_PROPOSALS.tsv	Changed GPR is conflict/clear/protected and therefore requires centralized adjudication.	PROTECTED	reaction retention; phenotype; downstream gene statistics	GPR-only change; stoichiometry unchanged; phenotype regression required after finalize	P0	YES					1	GPR_PROPOSALS.tsv
HBREV-0017	GPR-F453BC434B	GPR	REACTION_GROUP	CYTBDpp;CYTBO3_4pp	(EHJ93005_1 and EHJ93006_1) or (EHJ94557_1 and EHJ94558_1) or (EHJ93004_1 and EHJ93005_1 and EHJ93006_1);(EHJ93313_1 and EHJ93314_1) or (EHJ93311_1 and EHJ93312_1 and EHJ93313_1 and EHJ93314_1)	EHJ91884_1 and EHJ91885_1;EHJ93314_1 and [UNRESOLVED:Csal_0955] and EHJ93312_1 and EHJ93311_1 and EHJ93310_1	REVIEW_GPR	GPR_LOW	GPR_MEDIUM; FAMILY_LEVEL_ONLY; EC=NO_REACTION_EC; UniProt=; RBH=;GPR_MEDIUM; FAMILY_LEVEL_ONLY; EC=NO_REACTION_EC; UniProt=; RBH=	GPR_PROPOSALS.tsv	Changed GPR is conflict/clear/protected and therefore requires centralized adjudication.	PROTECTED	reaction retention; phenotype; downstream gene statistics	GPR-only change; stoichiometry unchanged; phenotype regression required after finalize	P0	YES					2	GPR_PROPOSALS.tsv
HBREV-0018	REAC-8BE79AEC03	REACTION	REACTION_GROUP	NADH5	PRESENT	REVIEW_RETENTION_OR_CHEMISTRY	REVIEW_REACTION	MIXED	SOFT_CONFLICT; SOFT_CONFLICT; blocked=NOT_BLOCKED	REACTION_PROPOSALS.tsv	Hard chemistry/evidence conflict or protected reaction integrity issue.	PROTECTED	GPR; direction; transport; phenotype; QC	No patch applied; final impact must be recomputed from immutable parent	P0	YES					1	REACTION_PROPOSALS.tsv
HBREV-0019	REAC-945B0E5381	REACTION	REACTION_GROUP	AACOAR_syn;ACCOAC;AGDC;ATHRDHr;ATPM;CYSTL;DHORDfum;DMPPS;DNTPPA;DURAD;DURAD2;ECOAH9ir;Growth;H2ASE_syn;HACD1_1;HIBDkt;HXPRT;IPDPS;MGCH;NAPRT;OPHBDC;PPA2;PPAKr;SSCOARy;TRE6PP	PRESENT;PRESENT;PRESENT;...(+22)	REVIEW_RETENTION_OR_CHEMISTRY	REVIEW_REACTION	MIXED	HARD_CONFLICT; HARD_CONFLICT; blocked=NOT_BLOCKED;HARD_CONFLICT; HARD_CONFLICT; blocked=NOT_BLOCKED;HARD_CONFLICT; HARD_CONFLICT; blocked=NOT_BLOCKED;HARD_CONFLICT; HARD_CONFLICT; blocked=NOT_BLOCKED;...(+21)	REACTION_PROPOSALS.tsv	Hard chemistry/evidence conflict or protected reaction integrity issue.	CONDITIONAL;CRITICAL	GPR; direction; transport; phenotype; QC	No patch applied; final impact must be recomputed from immutable parent	P0	YES					25	REACTION_PROPOSALS.tsv
HBREV-0020	TRAN-B089FA5C9A	TRANSPORT	REACTION_GROUP	CYTBDpp;CYTBO3_4pp	gene=EHJ91884_1 and EHJ91885_1; mechanism=ION_COUPLED_OR_PASSIVE;gene=EHJ93314_1 and [UNRESOLVED:Csal_0955] and EHJ93312_1 and EHJ93311_1 and EHJ93310_1; mechanism=ION_COUPLED_OR_PASSIVE	REVIEW_TRANSPORT_ASSIGNMENT	REVIEW_TRANSPORT	MIXED	substrate=q8h2; specificity=FAMILY_LEVEL_ONLY; direction_review=YES; phenotype=NOT_TESTED;substrate=q8h2; specificity=FAMILY_LEVEL_ONLY; direction_review=NO; phenotype=NOT_TESTED	TRANSPORT_PROPOSALS.tsv	Transport substrate specificity, coupling or direction cannot be inferred safely from generic family evidence.	PROTECTED	exchange connectivity; carbon phenotype; direction; GPR	Potential growth/phenotype effect; no transporter patch applied	P0	YES					2	TRANSPORT_PROPOSALS.tsv
HBREV-0021	TRAN-EA71B195AB	TRANSPORT	REACTION_GROUP	SALCHS4FEabcpp	gene=EHJ92678.1 or EHJ92703.1; mechanism=ATP_COUPLED	REVIEW_TRANSPORT_ASSIGNMENT	REVIEW_TRANSPORT	MIXED	substrate=salchs4fe; specificity=FAMILY_LEVEL_ONLY; direction_review=NO; phenotype=NOT_TESTED	TRANSPORT_PROPOSALS.tsv	Transport substrate specificity, coupling or direction cannot be inferred safely from generic family evidence.	PROTECTED	exchange connectivity; carbon phenotype; direction; GPR	Potential growth/phenotype effect; no transporter patch applied	P0	YES					1	TRANSPORT_PROPOSALS.tsv
HBREV-0022	TRAN-EBA521C638	TRANSPORT	REACTION_GROUP	ATPS4rpp;D_LACt2;GLCDpp;NADHNQR;PIt2r;THD2pp	gene=EHJ94287_1 and EHJ94286_1 and EHJ94285_1 and EHJ94284_1 and EHJ94283_1 and EHJ94282_1 and EHJ94281_1 and EHJ94280_1; mechanism=ATP_COUPLED;gene=EHJ92879.1; mechanism=ION_COUPLED_OR_PASSIVE;gene=EHJ92709.1 or EHJ93458.1; mechanism=ION_COUPLED_OR_PASSIVE;...(+3)	REVIEW_TRANSPORT_ASSIGNMENT	REVIEW_TRANSPORT	MIXED	substrate=; specificity=FAMILY_LEVEL_ONLY; direction_review=YES; phenotype=NOT_TESTED;substrate=lac__D; specificity=STEREOSPECIFICITY_UNRESOLVED; direction_review=YES; phenotype=NOT_TESTED;substrate=glc__D;q8; specificity=STEREOSPECIFICITY_UNRESOLVED; direction_review=NO; phenotype=NOT_TESTED;substrate=na1;q8; specificity=FAMILY_LEVEL_ONLY; direction_review=YES; phenotype=NOT_TESTED;...(+2)	TRANSPORT_PROPOSALS.tsv	Transport substrate specificity, coupling or direction cannot be inferred safely from generic family evidence.	CONDITIONAL;PROTECTED	exchange connectivity; carbon phenotype; direction; GPR	Potential growth/phenotype effect; no transporter patch applied	P0	YES					6	TRANSPORT_PROPOSALS.tsv
HBREV-0023	DIRE-5DB2E855C9	DIRECTION_CHEMISTRY	REACTION_GROUP	SPODM;SPODMpp	DRAFT_BOUNDS;DRAFT_BOUNDS	REVIEW_DIRECTION_EVIDENCE	REVIEW_DIRECTION	MIXED	INTERNAL_DIRECTION_DISAGREEMENT; HIGH;INTERNAL_DIRECTION_DISAGREEMENT; HIGH	DIRECTION_PROPOSALS.tsv	Internal/special direction disagreement is review-only; universal bounds are not authoritative.	NOT_PROTECTED	growth; cycles; phenotype; unbounded flux	No bound change applied; full QC/phenotype regression required after finalize	P1	YES					2	DIRECTION_PROPOSALS.tsv
HBREV-0024	DIRE-786B4CBDF2	DIRECTION_CHEMISTRY	REACTION_GROUP	ALCD2ir	DRAFT_BOUNDS	REVIEW_DIRECTION_EVIDENCE	REVIEW_DIRECTION	MIXED	INTERNAL_DIRECTION_DISAGREEMENT; CONFLICT	DIRECTION_PROPOSALS.tsv	Internal/special direction disagreement is review-only; universal bounds are not authoritative.	NOT_PROTECTED	growth; cycles; phenotype; unbounded flux	No bound change applied; full QC/phenotype regression required after finalize	P1	YES					1	DIRECTION_PROPOSALS.tsv
HBREV-0025	DIRE-7B975A98B8	DIRECTION_CHEMISTRY	REACTION_GROUP	NADDPp_1	DRAFT_BOUNDS	REVIEW_DIRECTION_EVIDENCE	REVIEW_DIRECTION	MIXED	INTERNAL_DIRECTION_DISAGREEMENT; HIGH	DIRECTION_PROPOSALS.tsv	Internal/special direction disagreement is review-only; universal bounds are not authoritative.	NOT_PROTECTED	growth; cycles; phenotype; unbounded flux	No bound change applied; full QC/phenotype regression required after finalize	P1	YES					1	DIRECTION_PROPOSALS.tsv
HBREV-0026	DIRE-85EC1DE126	DIRECTION_CHEMISTRY	REACTION_GROUP	AADb;ADOCBIAH;AHMMPS_1;AKGDa;CYSDSF;CYSTA;DKDID;GLCOASYNT;GLYALDDr;GLYDHDA;HSERTA;LEULEULAPc;MBCOAi;NNATr;ORNCD;PHCHGS;PPK2;PPNDH2;PYDXOR;SUCD4;UAG4Ei;VCOAD;VPAMTr	DRAFT_BOUNDS;DRAFT_BOUNDS;DRAFT_BOUNDS;...(+20)	REVIEW_DIRECTION_EVIDENCE	REVIEW_DIRECTION	MIXED	INTERNAL_DIRECTION_DISAGREEMENT; HIGH;SPECIAL_OR_CUSTOM_BOUND_DIFFERENCE; MEDIUM;INTERNAL_DIRECTION_DISAGREEMENT; HIGH;INTERNAL_DIRECTION_DISAGREEMENT; HIGH;...(+19)	DIRECTION_PROPOSALS.tsv	Internal/special direction disagreement is review-only; universal bounds are not authoritative.	NOT_PROTECTED	growth; cycles; phenotype; unbounded flux	No bound change applied; full QC/phenotype regression required after finalize	P1	YES					23	DIRECTION_PROPOSALS.tsv
HBREV-0027	DIRE-A4EF1EA026	DIRECTION_CHEMISTRY	REACTION_GROUP	ALCD2y	DRAFT_BOUNDS	REVIEW_DIRECTION_EVIDENCE	REVIEW_DIRECTION	MIXED	INTERNAL_DIRECTION_DISAGREEMENT; HIGH	DIRECTION_PROPOSALS.tsv	Internal/special direction disagreement is review-only; universal bounds are not authoritative.	NOT_PROTECTED	growth; cycles; phenotype; unbounded flux	No bound change applied; full QC/phenotype regression required after finalize	P1	YES					1	DIRECTION_PROPOSALS.tsv
HBREV-0028	DIRE-B2E5D47CBC	DIRECTION_CHEMISTRY	REACTION_GROUP	BTS	DRAFT_BOUNDS	REVIEW_DIRECTION_EVIDENCE	REVIEW_DIRECTION	MIXED	INTERNAL_DIRECTION_DISAGREEMENT; CONFLICT	DIRECTION_PROPOSALS.tsv	Internal/special direction disagreement is review-only; universal bounds are not authoritative.	NOT_PROTECTED	growth; cycles; phenotype; unbounded flux	No bound change applied; full QC/phenotype regression required after finalize	P1	YES					1	DIRECTION_PROPOSALS.tsv
HBREV-0029	DIRE-BE4A252090	DIRECTION_CHEMISTRY	REACTION_GROUP	NADPHQR2;NADPHQR3	DRAFT_BOUNDS;DRAFT_BOUNDS	REVIEW_DIRECTION_EVIDENCE	REVIEW_DIRECTION	MIXED	INTERNAL_DIRECTION_DISAGREEMENT; HIGH;INTERNAL_DIRECTION_DISAGREEMENT; HIGH	DIRECTION_PROPOSALS.tsv	Internal/special direction disagreement is review-only; universal bounds are not authoritative.	NOT_PROTECTED	growth; cycles; phenotype; unbounded flux	No bound change applied; full QC/phenotype regression required after finalize	P1	YES					2	DIRECTION_PROPOSALS.tsv
HBREV-0030	DIRE-D18B7E83CC	DIRECTION_CHEMISTRY	REACTION_GROUP	ACOAD2;ACOAD3;ACOAD6;ACOAD7	DRAFT_BOUNDS;DRAFT_BOUNDS;DRAFT_BOUNDS;...(+1)	REVIEW_DIRECTION_EVIDENCE	REVIEW_DIRECTION	MIXED	INTERNAL_DIRECTION_DISAGREEMENT; CONFLICT;INTERNAL_DIRECTION_DISAGREEMENT; CONFLICT;INTERNAL_DIRECTION_DISAGREEMENT; CONFLICT;INTERNAL_DIRECTION_DISAGREEMENT; HIGH	DIRECTION_PROPOSALS.tsv	Internal/special direction disagreement is review-only; universal bounds are not authoritative.	NOT_PROTECTED	growth; cycles; phenotype; unbounded flux	No bound change applied; full QC/phenotype regression required after finalize	P1	YES					4	DIRECTION_PROPOSALS.tsv
HBREV-0031	DIRE-DA7136B4E6	DIRECTION_CHEMISTRY	REACTION_GROUP	ICDHx	DRAFT_BOUNDS	REVIEW_DIRECTION_EVIDENCE	REVIEW_DIRECTION	MIXED	INTERNAL_DIRECTION_DISAGREEMENT; CONFLICT	DIRECTION_PROPOSALS.tsv	Internal/special direction disagreement is review-only; universal bounds are not authoritative.	NOT_PROTECTED	growth; cycles; phenotype; unbounded flux	No bound change applied; full QC/phenotype regression required after finalize	P1	YES					1	DIRECTION_PROPOSALS.tsv
HBREV-0032	DIRE-E6C5D427F1	DIRECTION_CHEMISTRY	REACTION_GROUP	SHSL2r	DRAFT_BOUNDS	REVIEW_DIRECTION_EVIDENCE	REVIEW_DIRECTION	MIXED	INTERNAL_DIRECTION_DISAGREEMENT; CONFLICT	DIRECTION_PROPOSALS.tsv	Internal/special direction disagreement is review-only; universal bounds are not authoritative.	NOT_PROTECTED	growth; cycles; phenotype; unbounded flux	No bound change applied; full QC/phenotype regression required after finalize	P1	YES					1	DIRECTION_PROPOSALS.tsv
HBREV-0033	DIRE-F748D4B856	DIRECTION_CHEMISTRY	REACTION_GROUP	ACOAD1f	DRAFT_BOUNDS	REVIEW_DIRECTION_EVIDENCE	REVIEW_DIRECTION	MIXED	INTERNAL_DIRECTION_DISAGREEMENT; CONFLICT	DIRECTION_PROPOSALS.tsv	Internal/special direction disagreement is review-only; universal bounds are not authoritative.	NOT_PROTECTED	growth; cycles; phenotype; unbounded flux	No bound change applied; full QC/phenotype regression required after finalize	P1	YES					1	DIRECTION_PROPOSALS.tsv
HBREV-0034	EXCH-32AFCF4549	EXCHANGE	REACTION_GROUP	EX_acgam1p_e;EX_apc_e;EX_arab__L_e;EX_cd2_e;EX_cm_e;EX_cro4_e;EX_doxrbcn_e;EX_fusa_e;EX_g1p_e;EX_hg2_e;EX_lcts_e;EX_m_xyl_e;EX_melib_e;EX_n2o_e;EX_novbcn_e;EX_oxa_e;EX_p_xyl_e;EX_pac_e;EX_quin_e;EX_rmn_e;EX_tartr__D_e;EX_tartr__L_e;EX_tol_e;EX_ttrcyc_e;EX_ump_e	PRESENT_BLOCKED;PRESENT_BLOCKED;PRESENT_BLOCKED;...(+22)	PROPOSE_REMOVE	REVIEW_EXCHANGE_REMOVAL	LOW	Blocked and lacks internal/gene/reference/pathway support;Blocked and lacks internal/gene/reference/pathway support;Blocked and lacks internal/gene/reference/pathway support;Blocked and lacks internal/gene/reference/pathway support;...(+21)	EXCHANGE_PROPOSALS.tsv	Blocked orphan exchanges meet the strict unsupported-candidate screen; removal remains expert-reviewed.	NOT_PROTECTED	medium configuration; dead ends; phenotype	May reduce reaction count; no growth impact preview claimed	P1	YES					25	EXCHANGE_PROPOSALS.tsv
HBREV-0035	REAC-036371514F	REACTION	REACTION_GROUP	NADHPO	PRESENT	REVIEW_RETENTION_OR_CHEMISTRY	REVIEW_REACTION	MIXED	HARD_CONFLICT; HARD_CONFLICT; blocked=NOT_BLOCKED	REACTION_PROPOSALS.tsv	Hard chemistry/evidence conflict or protected reaction integrity issue.	NOT_PROTECTED	GPR; direction; transport; phenotype; QC	No patch applied; final impact must be recomputed from immutable parent	P1	YES					1	REACTION_PROPOSALS.tsv
HBREV-0036	REAC-05316B0D19	REACTION	REACTION_GROUP	KAS13;KAS2	PRESENT;PRESENT	REVIEW_RETENTION_OR_CHEMISTRY	REVIEW_REACTION	MIXED	HARD_CONFLICT; HARD_CONFLICT; blocked=NOT_BLOCKED;HARD_CONFLICT; HARD_CONFLICT; blocked=NOT_BLOCKED	REACTION_PROPOSALS.tsv	Hard chemistry/evidence conflict or protected reaction integrity issue.	NOT_PROTECTED	GPR; direction; transport; phenotype; QC	No patch applied; final impact must be recomputed from immutable parent	P1	YES					2	REACTION_PROPOSALS.tsv
HBREV-0037	REAC-0AFF709F7A	REACTION	REACTION_GROUP	ECOAH12	PRESENT	REVIEW_RETENTION_OR_CHEMISTRY	REVIEW_REACTION	MIXED	HARD_CONFLICT; HARD_CONFLICT; blocked=NOT_BLOCKED	REACTION_PROPOSALS.tsv	Hard chemistry/evidence conflict or protected reaction integrity issue.	NOT_PROTECTED	GPR; direction; transport; phenotype; QC	No patch applied; final impact must be recomputed from immutable parent	P1	YES					1	REACTION_PROPOSALS.tsv
HBREV-0038	REAC-1662EC909C	REACTION	REACTION_GROUP	MTHFR3	PRESENT	REVIEW_RETENTION_OR_CHEMISTRY	REVIEW_REACTION	MIXED	HARD_CONFLICT; HARD_CONFLICT; blocked=NOT_BLOCKED	REACTION_PROPOSALS.tsv	Hard chemistry/evidence conflict or protected reaction integrity issue.	NOT_PROTECTED	GPR; direction; transport; phenotype; QC	No patch applied; final impact must be recomputed from immutable parent	P1	YES					1	REACTION_PROPOSALS.tsv
HBREV-0039	REAC-2A7ED48AA0	REACTION	REACTION_GROUP	G3PAT120;G3PAT141;G3PAT161	PRESENT;PRESENT;PRESENT	REVIEW_RETENTION_OR_CHEMISTRY	REVIEW_REACTION	MIXED	HARD_CONFLICT; HARD_CONFLICT; blocked=NOT_BLOCKED;HARD_CONFLICT; HARD_CONFLICT; blocked=NOT_BLOCKED;HARD_CONFLICT; HARD_CONFLICT; blocked=NOT_BLOCKED	REACTION_PROPOSALS.tsv	Hard chemistry/evidence conflict or protected reaction integrity issue.	NOT_PROTECTED	GPR; direction; transport; phenotype; QC	No patch applied; final impact must be recomputed from immutable parent	P1	YES					3	REACTION_PROPOSALS.tsv
HBREV-0040	REAC-2FBA00E0A7	REACTION	REACTION_GROUP	3NTD4pp;3NTD7pp	PRESENT;PRESENT	REVIEW_RETENTION_OR_CHEMISTRY	REVIEW_REACTION	MIXED	HARD_CONFLICT; HARD_CONFLICT; blocked=NOT_BLOCKED;HARD_CONFLICT; HARD_CONFLICT; blocked=NOT_BLOCKED	REACTION_PROPOSALS.tsv	Hard chemistry/evidence conflict or protected reaction integrity issue.	NOT_PROTECTED	GPR; direction; transport; phenotype; QC	No patch applied; final impact must be recomputed from immutable parent	P1	YES					2	REACTION_PROPOSALS.tsv
HBREV-0041	REAC-35ABF1DF86	REACTION	REACTION_GROUP	FRD3	PRESENT	REVIEW_RETENTION_OR_CHEMISTRY	REVIEW_REACTION	MIXED	HARD_CONFLICT; HARD_CONFLICT; blocked=NOT_BLOCKED	REACTION_PROPOSALS.tsv	Hard chemistry/evidence conflict or protected reaction integrity issue.	NOT_PROTECTED	GPR; direction; transport; phenotype; QC	No patch applied; final impact must be recomputed from immutable parent	P1	YES					1	REACTION_PROPOSALS.tsv
HBREV-0042	REAC-4FC6BDF5E8	REACTION	REACTION_GROUP	ASPO6	PRESENT	REVIEW_RETENTION_OR_CHEMISTRY	REVIEW_REACTION	MIXED	HARD_CONFLICT; HARD_CONFLICT; blocked=NOT_BLOCKED	REACTION_PROPOSALS.tsv	Hard chemistry/evidence conflict or protected reaction integrity issue.	NOT_PROTECTED	GPR; direction; transport; phenotype; QC	No patch applied; final impact must be recomputed from immutable parent	P1	YES					1	REACTION_PROPOSALS.tsv
HBREV-0043	REAC-5227647E71	REACTION	REACTION_GROUP	ALLTN	PRESENT	REVIEW_RETENTION_OR_CHEMISTRY	REVIEW_REACTION	MIXED	HARD_CONFLICT; HARD_CONFLICT; blocked=NOT_BLOCKED	REACTION_PROPOSALS.tsv	Hard chemistry/evidence conflict or protected reaction integrity issue.	NOT_PROTECTED	GPR; direction; transport; phenotype; QC	No patch applied; final impact must be recomputed from immutable parent	P1	YES					1	REACTION_PROPOSALS.tsv
HBREV-0044	REAC-5338755F5D	REACTION	REACTION_GROUP	ACTD	PRESENT	REVIEW_RETENTION_OR_CHEMISTRY	REVIEW_REACTION	MIXED	HARD_CONFLICT; HARD_CONFLICT; blocked=NOT_BLOCKED	REACTION_PROPOSALS.tsv	Hard chemistry/evidence conflict or protected reaction integrity issue.	NOT_PROTECTED	GPR; direction; transport; phenotype; QC	No patch applied; final impact must be recomputed from immutable parent	P1	YES					1	REACTION_PROPOSALS.tsv
HBREV-0045	REAC-572CAB9F18	REACTION	REACTION_GROUP	DHDPRx_r;DHDPRy	PRESENT;PRESENT	REVIEW_RETENTION_OR_CHEMISTRY	REVIEW_REACTION	MIXED	HARD_CONFLICT; HARD_CONFLICT; blocked=NOT_BLOCKED;HARD_CONFLICT; HARD_CONFLICT; blocked=NOT_BLOCKED	REACTION_PROPOSALS.tsv	Hard chemistry/evidence conflict or protected reaction integrity issue.	NOT_PROTECTED	GPR; direction; transport; phenotype; QC	No patch applied; final impact must be recomputed from immutable parent	P1	YES					2	REACTION_PROPOSALS.tsv
HBREV-0046	REAC-64ACD6FA6E	REACTION	REACTION_GROUP	HACD1i	PRESENT	REVIEW_RETENTION_OR_CHEMISTRY	REVIEW_REACTION	MIXED	HARD_CONFLICT; HARD_CONFLICT; blocked=NOT_BLOCKED	REACTION_PROPOSALS.tsv	Hard chemistry/evidence conflict or protected reaction integrity issue.	NOT_PROTECTED	GPR; direction; transport; phenotype; QC	No patch applied; final impact must be recomputed from immutable parent	P1	YES					1	REACTION_PROPOSALS.tsv
HBREV-0047	REAC-83944039C2	REACTION	REACTION_GROUP	GLYCLTDy	PRESENT	REVIEW_RETENTION_OR_CHEMISTRY	REVIEW_REACTION	MIXED	HARD_CONFLICT; HARD_CONFLICT; blocked=NOT_BLOCKED	REACTION_PROPOSALS.tsv	Hard chemistry/evidence conflict or protected reaction integrity issue.	NOT_PROTECTED	GPR; direction; transport; phenotype; QC	No patch applied; final impact must be recomputed from immutable parent	P1	YES					1	REACTION_PROPOSALS.tsv
HBREV-0048	REAC-8E466D918D	REACTION	REACTION_GROUP	HACD1;HACD8	PRESENT;PRESENT	REVIEW_RETENTION_OR_CHEMISTRY	REVIEW_REACTION	MIXED	HARD_CONFLICT; HARD_CONFLICT; blocked=NOT_BLOCKED;HARD_CONFLICT; HARD_CONFLICT; blocked=NOT_BLOCKED	REACTION_PROPOSALS.tsv	Hard chemistry/evidence conflict or protected reaction integrity issue.	NOT_PROTECTED	GPR; direction; transport; phenotype; QC	No patch applied; final impact must be recomputed from immutable parent	P1	YES					2	REACTION_PROPOSALS.tsv
HBREV-0049	REAC-924FD447AE	REACTION	REACTION_GROUP	CYSDDS	PRESENT	REVIEW_RETENTION_OR_CHEMISTRY	REVIEW_REACTION	MIXED	HARD_CONFLICT; HARD_CONFLICT; blocked=NOT_BLOCKED	REACTION_PROPOSALS.tsv	Hard chemistry/evidence conflict or protected reaction integrity issue.	NOT_PROTECTED	GPR; direction; transport; phenotype; QC	No patch applied; final impact must be recomputed from immutable parent	P1	YES					1	REACTION_PROPOSALS.tsv
HBREV-0050	REAC-9499CD1ABA	REACTION	REACTION_GROUP	G1PP	PRESENT	REVIEW_RETENTION_OR_CHEMISTRY	REVIEW_REACTION	MIXED	HARD_CONFLICT; HARD_CONFLICT; blocked=NOT_BLOCKED	REACTION_PROPOSALS.tsv	Hard chemistry/evidence conflict or protected reaction integrity issue.	NOT_PROTECTED	GPR; direction; transport; phenotype; QC	No patch applied; final impact must be recomputed from immutable parent	P1	YES					1	REACTION_PROPOSALS.tsv
HBREV-0051	REAC-9617C38449	REACTION	REACTION_GROUP	PFK	PRESENT	REVIEW_RETENTION_OR_CHEMISTRY	REVIEW_REACTION	MIXED	HARD_CONFLICT; HARD_CONFLICT; blocked=NOT_BLOCKED	REACTION_PROPOSALS.tsv	Hard chemistry/evidence conflict or protected reaction integrity issue.	NOT_PROTECTED	GPR; direction; transport; phenotype; QC	No patch applied; final impact must be recomputed from immutable parent	P1	YES					1	REACTION_PROPOSALS.tsv
HBREV-0052	REAC-A35C161C26	REACTION	REACTION_GROUP	AHSERL2	PRESENT	REVIEW_RETENTION_OR_CHEMISTRY	REVIEW_REACTION	MIXED	HARD_CONFLICT; HARD_CONFLICT; blocked=NOT_BLOCKED	REACTION_PROPOSALS.tsv	Hard chemistry/evidence conflict or protected reaction integrity issue.	NOT_PROTECTED	GPR; direction; transport; phenotype; QC	No patch applied; final impact must be recomputed from immutable parent	P1	YES					1	REACTION_PROPOSALS.tsv
HBREV-0053	REAC-A7F75405B4	REACTION	REACTION_GROUP	RHACOAR100;RHACOAR140;RHACOAR60;RHACOAR80	PRESENT;PRESENT;PRESENT;...(+1)	REVIEW_RETENTION_OR_CHEMISTRY	REVIEW_REACTION	MIXED	HARD_CONFLICT; HARD_CONFLICT; blocked=UNKNOWN;HARD_CONFLICT; HARD_CONFLICT; blocked=NOT_BLOCKED;HARD_CONFLICT; HARD_CONFLICT; blocked=NOT_BLOCKED;HARD_CONFLICT; HARD_CONFLICT; blocked=UNKNOWN	REACTION_PROPOSALS.tsv	Hard chemistry/evidence conflict or protected reaction integrity issue.	NOT_PROTECTED	GPR; direction; transport; phenotype; QC	No patch applied; final impact must be recomputed from immutable parent	P1	YES					4	REACTION_PROPOSALS.tsv
HBREV-0054	REAC-AECFE7DEFD	REACTION	REACTION_GROUP	FACOAE100;FACOAE120;FACOAE140;FACOAE180	PRESENT;PRESENT;PRESENT;...(+1)	REVIEW_RETENTION_OR_CHEMISTRY	REVIEW_REACTION	MIXED	HARD_CONFLICT; HARD_CONFLICT; blocked=NOT_BLOCKED;HARD_CONFLICT; HARD_CONFLICT; blocked=NOT_BLOCKED;HARD_CONFLICT; HARD_CONFLICT; blocked=NOT_BLOCKED;HARD_CONFLICT; HARD_CONFLICT; blocked=NOT_BLOCKED	REACTION_PROPOSALS.tsv	Hard chemistry/evidence conflict or protected reaction integrity issue.	NOT_PROTECTED	GPR; direction; transport; phenotype; QC	No patch applied; final impact must be recomputed from immutable parent	P1	YES					4	REACTION_PROPOSALS.tsv
HBREV-0055	REAC-B1D062EB0F	REACTION	REACTION_GROUP	KAT1	PRESENT	REVIEW_RETENTION_OR_CHEMISTRY	REVIEW_REACTION	MIXED	HARD_CONFLICT; HARD_CONFLICT; blocked=NOT_BLOCKED	REACTION_PROPOSALS.tsv	Hard chemistry/evidence conflict or protected reaction integrity issue.	NOT_PROTECTED	GPR; direction; transport; phenotype; QC	No patch applied; final impact must be recomputed from immutable parent	P1	YES					1	REACTION_PROPOSALS.tsv
HBREV-0056	REAC-BAC9401345	REACTION	REACTION_GROUP	GLYCTO1	PRESENT	REVIEW_RETENTION_OR_CHEMISTRY	REVIEW_REACTION	MIXED	HARD_CONFLICT; HARD_CONFLICT; blocked=NOT_BLOCKED	REACTION_PROPOSALS.tsv	Hard chemistry/evidence conflict or protected reaction integrity issue.	NOT_PROTECTED	GPR; direction; transport; phenotype; QC	No patch applied; final impact must be recomputed from immutable parent	P1	YES					1	REACTION_PROPOSALS.tsv
HBREV-0057	REAC-C77FD4D3B3	REACTION	REACTION_GROUP	LSERDHr	PRESENT	REVIEW_RETENTION_OR_CHEMISTRY	REVIEW_REACTION	MIXED	HARD_CONFLICT; HARD_CONFLICT; blocked=UNKNOWN	REACTION_PROPOSALS.tsv	Hard chemistry/evidence conflict or protected reaction integrity issue.	NOT_PROTECTED	GPR; direction; transport; phenotype; QC	No patch applied; final impact must be recomputed from immutable parent	P1	YES					1	REACTION_PROPOSALS.tsv
HBREV-0058	TRAN-0FFE3FF19A	TRANSPORT	REACTION_GROUP	NAt3_1	gene=EHJ91246.1 or EHJ92409.1 or EHJ92410.1 or EHJ92411.1 or EHJ92412.1 or EHJ92413.1 or EHJ92414.1 or EHJ93970.1 or EHJ94705.1; mechanism=ION_COUPLED_OR_PASSIVE	REVIEW_TRANSPORT_ASSIGNMENT	REVIEW_TRANSPORT	MIXED	substrate=na1; specificity=FAMILY_LEVEL_ONLY; direction_review=YES; phenotype=NOT_TESTED	TRANSPORT_PROPOSALS.tsv	Transport substrate specificity, coupling or direction cannot be inferred safely from generic family evidence.	NOT_PROTECTED	exchange connectivity; carbon phenotype; direction; GPR	Potential growth/phenotype effect; no transporter patch applied	P1	YES					1	TRANSPORT_PROPOSALS.tsv
HBREV-0059	TRAN-1372C70CE7	TRANSPORT	REACTION_GROUP	GLUt2rpp	gene=EHJ94382.1 or EHJ94383.1; mechanism=ION_COUPLED_OR_PASSIVE	REVIEW_TRANSPORT_ASSIGNMENT	REVIEW_TRANSPORT	MIXED	substrate=glu__L; specificity=STEREOSPECIFICITY_UNRESOLVED; direction_review=YES; phenotype=NOT_TESTED	TRANSPORT_PROPOSALS.tsv	Transport substrate specificity, coupling or direction cannot be inferred safely from generic family evidence.	NOT_PROTECTED	exchange connectivity; carbon phenotype; direction; GPR	Potential growth/phenotype effect; no transporter patch applied	P1	YES					1	TRANSPORT_PROPOSALS.tsv
HBREV-0060	TRAN-1C43A580DF	TRANSPORT	REACTION_GROUP	GLYBt2r	gene=EHJ92968.1; mechanism=ION_COUPLED_OR_PASSIVE	REVIEW_TRANSPORT_ASSIGNMENT	REVIEW_TRANSPORT	MIXED	substrate=glyb; specificity=FAMILY_LEVEL_ONLY; direction_review=YES; phenotype=NOT_TESTED	TRANSPORT_PROPOSALS.tsv	Transport substrate specificity, coupling or direction cannot be inferred safely from generic family evidence.	NOT_PROTECTED	exchange connectivity; carbon phenotype; direction; GPR	Potential growth/phenotype effect; no transporter patch applied	P1	YES					1	TRANSPORT_PROPOSALS.tsv
HBREV-0061	TRAN-21140CB688	TRANSPORT	REACTION_GROUP	BUTt2rpp	gene=EHJ92902.1 or EHJ92981.1; mechanism=ION_COUPLED_OR_PASSIVE	REVIEW_TRANSPORT_ASSIGNMENT	REVIEW_TRANSPORT	MIXED	substrate=but; specificity=FAMILY_LEVEL_ONLY; direction_review=YES; phenotype=NOT_TESTED	TRANSPORT_PROPOSALS.tsv	Transport substrate specificity, coupling or direction cannot be inferred safely from generic family evidence.	NOT_PROTECTED	exchange connectivity; carbon phenotype; direction; GPR	Potential growth/phenotype effect; no transporter patch applied	P1	YES					1	TRANSPORT_PROPOSALS.tsv
HBREV-0062	TRAN-2265D38A5F	TRANSPORT	REACTION_GROUP	LYSt3r	gene=EHJ91510.1 or EHJ92053.1 or EHJ93410.1; mechanism=ION_COUPLED_OR_PASSIVE	REVIEW_TRANSPORT_ASSIGNMENT	REVIEW_TRANSPORT	MIXED	substrate=lys__L; specificity=STEREOSPECIFICITY_UNRESOLVED; direction_review=YES; phenotype=NOT_TESTED	TRANSPORT_PROPOSALS.tsv	Transport substrate specificity, coupling or direction cannot be inferred safely from generic family evidence.	NOT_PROTECTED	exchange connectivity; carbon phenotype; direction; GPR	Potential growth/phenotype effect; no transporter patch applied	P1	YES					1	TRANSPORT_PROPOSALS.tsv
HBREV-0063	TRAN-2B64AF2DAB	TRANSPORT	REACTION_GROUP	ACt2rpp	gene=EHJ92902.1; mechanism=ION_COUPLED_OR_PASSIVE	REVIEW_TRANSPORT_ASSIGNMENT	REVIEW_TRANSPORT	MIXED	substrate=ac; specificity=FAMILY_LEVEL_ONLY; direction_review=YES; phenotype=NOT_TESTED	TRANSPORT_PROPOSALS.tsv	Transport substrate specificity, coupling or direction cannot be inferred safely from generic family evidence.	NOT_PROTECTED	exchange connectivity; carbon phenotype; direction; GPR	Potential growth/phenotype effect; no transporter patch applied	P1	YES					1	TRANSPORT_PROPOSALS.tsv
HBREV-0064	TRAN-2E5D413A0A	TRANSPORT	REACTION_GROUP	ARGt2r	gene=EHJ94710.1; mechanism=ION_COUPLED_OR_PASSIVE	REVIEW_TRANSPORT_ASSIGNMENT	REVIEW_TRANSPORT	MIXED	substrate=arg__L; specificity=STEREOSPECIFICITY_UNRESOLVED; direction_review=YES; phenotype=NOT_TESTED	TRANSPORT_PROPOSALS.tsv	Transport substrate specificity, coupling or direction cannot be inferred safely from generic family evidence.	NOT_PROTECTED	exchange connectivity; carbon phenotype; direction; GPR	Potential growth/phenotype effect; no transporter patch applied	P1	YES					1	TRANSPORT_PROPOSALS.tsv
HBREV-0065	TRAN-32FE75E3D4	TRANSPORT	REACTION_GROUP	GALURt2rpp	gene=EHJ92856.1 or EHJ93393.1 or EHJ93395.1; mechanism=ION_COUPLED_OR_PASSIVE	REVIEW_TRANSPORT_ASSIGNMENT	REVIEW_TRANSPORT	MIXED	substrate=galur; specificity=FAMILY_LEVEL_ONLY; direction_review=YES; phenotype=NOT_TESTED	TRANSPORT_PROPOSALS.tsv	Transport substrate specificity, coupling or direction cannot be inferred safely from generic family evidence.	NOT_PROTECTED	exchange connectivity; carbon phenotype; direction; GPR	Potential growth/phenotype effect; no transporter patch applied	P1	YES					1	TRANSPORT_PROPOSALS.tsv
HBREV-0066	TRAN-35C1248DA7	TRANSPORT	REACTION_GROUP	CLt3_2pp	gene=EHJ94268_1; mechanism=ION_COUPLED_OR_PASSIVE	REVIEW_TRANSPORT_ASSIGNMENT	REVIEW_TRANSPORT	MIXED	substrate=cl; specificity=FAMILY_LEVEL_ONLY; direction_review=YES; phenotype=NOT_TESTED	TRANSPORT_PROPOSALS.tsv	Transport substrate specificity, coupling or direction cannot be inferred safely from generic family evidence.	NOT_PROTECTED	exchange connectivity; carbon phenotype; direction; GPR	Potential growth/phenotype effect; no transporter patch applied	P1	YES					1	TRANSPORT_PROPOSALS.tsv
HBREV-0067	TRAN-3F2C8F46AC	TRANSPORT	REACTION_GROUP	MALt3r	gene=EHJ92708.1 or EHJ93386.1; mechanism=ION_COUPLED_OR_PASSIVE	REVIEW_TRANSPORT_ASSIGNMENT	REVIEW_TRANSPORT	MIXED	substrate=mal__L; specificity=STEREOSPECIFICITY_UNRESOLVED; direction_review=YES; phenotype=NOT_TESTED	TRANSPORT_PROPOSALS.tsv	Transport substrate specificity, coupling or direction cannot be inferred safely from generic family evidence.	NOT_PROTECTED	exchange connectivity; carbon phenotype; direction; GPR	Potential growth/phenotype effect; no transporter patch applied	P1	YES					1	TRANSPORT_PROPOSALS.tsv
HBREV-0068	TRAN-4EF0E68538	TRANSPORT	REACTION_GROUP	ACACt2pp	gene=EHJ92981.1; mechanism=ION_COUPLED_OR_PASSIVE	REVIEW_TRANSPORT_ASSIGNMENT	REVIEW_TRANSPORT	MIXED	substrate=acac; specificity=FAMILY_LEVEL_ONLY; direction_review=YES; phenotype=NOT_TESTED	TRANSPORT_PROPOSALS.tsv	Transport substrate specificity, coupling or direction cannot be inferred safely from generic family evidence.	NOT_PROTECTED	exchange connectivity; carbon phenotype; direction; GPR	Potential growth/phenotype effect; no transporter patch applied	P1	YES					1	TRANSPORT_PROPOSALS.tsv
HBREV-0069	TRAN-51B9426014	TRANSPORT	REACTION_GROUP	CYTBD2pp	gene=EHJ91884_1 and EHJ91885_1; mechanism=ION_COUPLED_OR_PASSIVE	REVIEW_TRANSPORT_ASSIGNMENT	REVIEW_TRANSPORT	MIXED	substrate=mql8; specificity=CHAIN_LENGTH_UNRESOLVED; direction_review=YES; phenotype=NOT_TESTED	TRANSPORT_PROPOSALS.tsv	Transport substrate specificity, coupling or direction cannot be inferred safely from generic family evidence.	NOT_PROTECTED	exchange connectivity; carbon phenotype; direction; GPR	Potential growth/phenotype effect; no transporter patch applied	P1	YES					1	TRANSPORT_PROPOSALS.tsv
HBREV-0070	TRAN-57C065F008	TRANSPORT	REACTION_GROUP	HEXt2rpp	gene=EHJ92981_1; mechanism=ION_COUPLED_OR_PASSIVE	REVIEW_TRANSPORT_ASSIGNMENT	REVIEW_TRANSPORT	MIXED	substrate=hxa; specificity=FAMILY_LEVEL_ONLY; direction_review=YES; phenotype=NOT_TESTED	TRANSPORT_PROPOSALS.tsv	Transport substrate specificity, coupling or direction cannot be inferred safely from generic family evidence.	NOT_PROTECTED	exchange connectivity; carbon phenotype; direction; GPR	Potential growth/phenotype effect; no transporter patch applied	P1	YES					1	TRANSPORT_PROPOSALS.tsv
HBREV-0071	TRAN-5FBDD4E0C1	TRANSPORT	REACTION_GROUP	ALLTNt2r	gene=EHJ92868.1 or EHJ92869.1; mechanism=ION_COUPLED_OR_PASSIVE	REVIEW_TRANSPORT_ASSIGNMENT	REVIEW_TRANSPORT	MIXED	substrate=alltn; specificity=FAMILY_LEVEL_ONLY; direction_review=YES; phenotype=NOT_TESTED	TRANSPORT_PROPOSALS.tsv	Transport substrate specificity, coupling or direction cannot be inferred safely from generic family evidence.	NOT_PROTECTED	exchange connectivity; carbon phenotype; direction; GPR	Potential growth/phenotype effect; no transporter patch applied	P1	YES					1	TRANSPORT_PROPOSALS.tsv
HBREV-0072	TRAN-70D80F9CAC	TRANSPORT	REACTION_GROUP	PTRCabcpp	gene=EHJ92256.1 or EHJ92365.1 or EHJ92366.1 or EHJ92367.1 or EHJ92368.1 or EHJ93000.1 or EHJ94819.1 or EHJ94855.1 or EHJ94858.1; mechanism=ATP_COUPLED	REVIEW_TRANSPORT_ASSIGNMENT	REVIEW_TRANSPORT	MIXED	substrate=ptrc; specificity=STEREOSPECIFICITY_UNRESOLVED; direction_review=NO; phenotype=NOT_TESTED	TRANSPORT_PROPOSALS.tsv	Transport substrate specificity, coupling or direction cannot be inferred safely from generic family evidence.	NOT_PROTECTED	exchange connectivity; carbon phenotype; direction; GPR	Potential growth/phenotype effect; no transporter patch applied	P1	YES					1	TRANSPORT_PROPOSALS.tsv
HBREV-0073	TRAN-876537476B	TRANSPORT	REACTION_GROUP	GLCURt2rpp	gene=EHJ92856.1 or EHJ93393.1 or EHJ93395.1; mechanism=ION_COUPLED_OR_PASSIVE	REVIEW_TRANSPORT_ASSIGNMENT	REVIEW_TRANSPORT	MIXED	substrate=glcur; specificity=FAMILY_LEVEL_ONLY; direction_review=YES; phenotype=NOT_TESTED	TRANSPORT_PROPOSALS.tsv	Transport substrate specificity, coupling or direction cannot be inferred safely from generic family evidence.	NOT_PROTECTED	exchange connectivity; carbon phenotype; direction; GPR	Potential growth/phenotype effect; no transporter patch applied	P1	YES					1	TRANSPORT_PROPOSALS.tsv
HBREV-0074	TRAN-8D7D0C6596	TRANSPORT	REACTION_GROUP	NO3R1pp;NO3R2pp	gene=EHJ93371_1 or ([UNRESOLVED:Csal_1330] and [UNRESOLVED:Csal_1331] and EHJ91680_1 and [UNRESOLVED:Csal_1333]); mechanism=ION_COUPLED_OR_PASSIVE;gene=EHJ93371_1 or ([UNRESOLVED:Csal_1330] and [UNRESOLVED:Csal_1331] and EHJ91680_1 and [UNRESOLVED:Csal_1333]); mechanism=ION_COUPLED_OR_PASSIVE	REVIEW_TRANSPORT_ASSIGNMENT	REVIEW_TRANSPORT	MIXED	substrate=no3;q8h2; specificity=FAMILY_LEVEL_ONLY; direction_review=YES; phenotype=NOT_TESTED;substrate=mql8;no3; specificity=CHAIN_LENGTH_UNRESOLVED; direction_review=YES; phenotype=NOT_TESTED	TRANSPORT_PROPOSALS.tsv	Transport substrate specificity, coupling or direction cannot be inferred safely from generic family evidence.	NOT_PROTECTED	exchange connectivity; carbon phenotype; direction; GPR	Potential growth/phenotype effect; no transporter patch applied	P1	YES					2	TRANSPORT_PROPOSALS.tsv
HBREV-0075	TRAN-98F372EF61	TRANSPORT	REACTION_GROUP	PYRt2rpp	gene=EHJ92902.1; mechanism=ION_COUPLED_OR_PASSIVE	REVIEW_TRANSPORT_ASSIGNMENT	REVIEW_TRANSPORT	MIXED	substrate=pyr; specificity=FAMILY_LEVEL_ONLY; direction_review=YES; phenotype=NOT_TESTED	TRANSPORT_PROPOSALS.tsv	Transport substrate specificity, coupling or direction cannot be inferred safely from generic family evidence.	NOT_PROTECTED	exchange connectivity; carbon phenotype; direction; GPR	Potential growth/phenotype effect; no transporter patch applied	P1	YES					1	TRANSPORT_PROPOSALS.tsv
HBREV-0076	TRAN-A1F3D7484C	TRANSPORT	REACTION_GROUP	NO3R2	gene=EHJ93371.1; mechanism=ION_COUPLED_OR_PASSIVE	REVIEW_TRANSPORT_ASSIGNMENT	REVIEW_TRANSPORT	MIXED	substrate=mql8;no3; specificity=CHAIN_LENGTH_UNRESOLVED; direction_review=YES; phenotype=NOT_TESTED	TRANSPORT_PROPOSALS.tsv	Transport substrate specificity, coupling or direction cannot be inferred safely from generic family evidence.	NOT_PROTECTED	exchange connectivity; carbon phenotype; direction; GPR	Potential growth/phenotype effect; no transporter patch applied	P1	YES					1	TRANSPORT_PROPOSALS.tsv
HBREV-0077	TRAN-E17DECB89A	TRANSPORT	REACTION_GROUP	Kt3r	gene=EHJ91246.1 or EHJ92409.1 or EHJ92411.1 or EHJ92412.1 or EHJ92413.1 or EHJ92414.1; mechanism=ION_COUPLED_OR_PASSIVE	REVIEW_TRANSPORT_ASSIGNMENT	REVIEW_TRANSPORT	MIXED	substrate=k; specificity=FAMILY_LEVEL_ONLY; direction_review=YES; phenotype=NOT_TESTED	TRANSPORT_PROPOSALS.tsv	Transport substrate specificity, coupling or direction cannot be inferred safely from generic family evidence.	NOT_PROTECTED	exchange connectivity; carbon phenotype; direction; GPR	Potential growth/phenotype effect; no transporter patch applied	P1	YES					1	TRANSPORT_PROPOSALS.tsv
HBREV-0078	TRAN-E710EF6FD7	TRANSPORT	REACTION_GROUP	PTRCabc	gene=EHJ92256.1 or EHJ92367.1 or EHJ93000.1 or EHJ94819.1 or EHJ94858.1; mechanism=ATP_COUPLED	REVIEW_TRANSPORT_ASSIGNMENT	REVIEW_TRANSPORT	MIXED	substrate=ptrc; specificity=STEREOSPECIFICITY_UNRESOLVED; direction_review=NO; phenotype=NOT_TESTED	TRANSPORT_PROPOSALS.tsv	Transport substrate specificity, coupling or direction cannot be inferred safely from generic family evidence.	NOT_PROTECTED	exchange connectivity; carbon phenotype; direction; GPR	Potential growth/phenotype effect; no transporter patch applied	P1	YES					1	TRANSPORT_PROPOSALS.tsv
HBREV-0079	TRAN-F7BA5BC2B3	TRANSPORT	REACTION_GROUP	ADEt2rpp	gene=EHJ91926.1; mechanism=ION_COUPLED_OR_PASSIVE	REVIEW_TRANSPORT_ASSIGNMENT	REVIEW_TRANSPORT	MIXED	substrate=ade; specificity=FAMILY_LEVEL_ONLY; direction_review=YES; phenotype=NOT_TESTED	TRANSPORT_PROPOSALS.tsv	Transport substrate specificity, coupling or direction cannot be inferred safely from generic family evidence.	NOT_PROTECTED	exchange connectivity; carbon phenotype; direction; GPR	Potential growth/phenotype effect; no transporter patch applied	P1	YES					1	TRANSPORT_PROPOSALS.tsv
HBREV-0080	TRAN-F9D7D7D386	TRANSPORT	REACTION_GROUP	INDOLEt2pp	gene=EHJ93204_1; mechanism=ION_COUPLED_OR_PASSIVE	REVIEW_TRANSPORT_ASSIGNMENT	REVIEW_TRANSPORT	MIXED	substrate=indole; specificity=FAMILY_LEVEL_ONLY; direction_review=YES; phenotype=NOT_TESTED	TRANSPORT_PROPOSALS.tsv	Transport substrate specificity, coupling or direction cannot be inferred safely from generic family evidence.	NOT_PROTECTED	exchange connectivity; carbon phenotype; direction; GPR	Potential growth/phenotype effect; no transporter patch applied	P1	YES					1	TRANSPORT_PROPOSALS.tsv
HBREV-0081	TRAN-FD05A3B158	TRANSPORT	REACTION_GROUP	ZNabc	gene=EHJ91577.1 or EHJ92218.1 or EHJ93920.1; mechanism=ATP_COUPLED	REVIEW_TRANSPORT_ASSIGNMENT	REVIEW_TRANSPORT	MIXED	substrate=zn2; specificity=FAMILY_LEVEL_ONLY; direction_review=NO; phenotype=NOT_TESTED	TRANSPORT_PROPOSALS.tsv	Transport substrate specificity, coupling or direction cannot be inferred safely from generic family evidence.	NOT_PROTECTED	exchange connectivity; carbon phenotype; direction; GPR	Potential growth/phenotype effect; no transporter patch applied	P1	YES					1	TRANSPORT_PROPOSALS.tsv
HBREV-0082	GPR-238D2944E3	GPR	REACTION_GROUP	FRD3	(EHJ94724_1 and EHJ94725_1 and EHJ94727_1) or (EHJ94724_1 and EHJ94725_1 and EHJ94726_1 and EHJ94727_1)	EHJ93185_1	REVIEW_GPR	GPR_CONFLICT	GPR_CONFLICT; STEREOSPECIFICITY_UNRESOLVED; EC=CONFLICT; UniProt=; RBH=	GPR_PROPOSALS.tsv	Changed GPR is conflict/clear/protected and therefore requires centralized adjudication.	NOT_PROTECTED	reaction retention; phenotype; downstream gene statistics	GPR-only change; stoichiometry unchanged; phenotype regression required after finalize	P2	NO					1	GPR_PROPOSALS.tsv
HBREV-0083	GPR-23BDD58908	GPR	REACTION_GROUP	ACACT3r;ACACT5r	EHJ92212_1 or EHJ93969_1;EHJ92212_1 or EHJ93969_1	EHJ92212_1;EHJ92212_1	REVIEW_GPR	GPR_CONFLICT	GPR_CONFLICT; CHAIN_LENGTH_UNRESOLVED; EC=CONFLICT; UniProt=; RBH=;GPR_CONFLICT; CHAIN_LENGTH_UNRESOLVED; EC=CONFLICT; UniProt=; RBH=	GPR_PROPOSALS.tsv	Changed GPR is conflict/clear/protected and therefore requires centralized adjudication.	NOT_PROTECTED	reaction retention; phenotype; downstream gene statistics	GPR-only change; stoichiometry unchanged; phenotype regression required after finalize	P2	NO					2	GPR_PROPOSALS.tsv
HBREV-0084	GPR-2BF6971400	GPR	REACTION_GROUP	KAS13;KAS2	EHJ93844_1;EHJ93844_1	EHJ93844.1;EHJ93844.1	REVIEW_GPR	GPR_CONFLICT	GPR_CONFLICT; FAMILY_LEVEL_ONLY; EC=1.1.1.36; UniProt=A0A265E275; RBH=MBB3332021.1;GPR_CONFLICT; FAMILY_LEVEL_ONLY; EC=1.1.1.36; UniProt=A0A265E275; RBH=MBB3332021.1	GPR_PROPOSALS.tsv	Changed GPR is conflict/clear/protected and therefore requires centralized adjudication.	NOT_PROTECTED	reaction retention; phenotype; downstream gene statistics	GPR-only change; stoichiometry unchanged; phenotype regression required after finalize	P2	NO					2	GPR_PROPOSALS.tsv
HBREV-0085	GPR-2E0BAC00AB	GPR	REACTION_GROUP	ZNabc	EHJ91577_1 or EHJ92218_1 or EHJ93920_1	EHJ91577.1 or EHJ92218.1 or EHJ93920.1	REVIEW_GPR	GPR_CONFLICT	GPR_CONFLICT; FAMILY_LEVEL_ONLY; EC=NO_GENE_EC; UniProt=A0A265DTP5;A0A265DZD5;A0A265E0M4; RBH=MBB3329359.1;MBB3331767.1	GPR_PROPOSALS.tsv	Changed GPR is conflict/clear/protected and therefore requires centralized adjudication.	NOT_PROTECTED	reaction retention; phenotype; downstream gene statistics	GPR-only change; stoichiometry unchanged; phenotype regression required after finalize	P2	NO					1	GPR_PROPOSALS.tsv
HBREV-0086	GPR-37B2091B67	GPR	REACTION_GROUP	3NTD4pp;3NTD7pp	EHJ92757_1;EHJ92757_1	EHJ92757.1;EHJ92757.1	REVIEW_GPR	GPR_CONFLICT	GPR_CONFLICT; DIRECTLY_SUPPORTED; EC=3.1.3.5; UniProt=A0A265E125; RBH=MBB3329528.1;GPR_CONFLICT; DIRECTLY_SUPPORTED; EC=3.1.3.5; UniProt=A0A265E125; RBH=MBB3329528.1	GPR_PROPOSALS.tsv	Changed GPR is conflict/clear/protected and therefore requires centralized adjudication.	NOT_PROTECTED	reaction retention; phenotype; downstream gene statistics	GPR-only change; stoichiometry unchanged; phenotype regression required after finalize	P2	NO					2	GPR_PROPOSALS.tsv
HBREV-0087	GPR-4E572CDCBC	GPR	REACTION_GROUP	CTECOAI6;CTECOAI7;CTECOAI8	EHJ92213_1 or EHJ93246_1 or EHJ94459_1 or EHJ94565_1;EHJ92213_1 or EHJ93246_1 or EHJ94459_1 or EHJ94565_1;EHJ92213_1 or EHJ93246_1 or EHJ94459_1 or EHJ94565_1	EHJ92213_1;EHJ92213_1;EHJ92213_1	REVIEW_GPR	GPR_CONFLICT	GPR_CONFLICT; CHAIN_LENGTH_UNRESOLVED; EC=CONFLICT; UniProt=; RBH=;GPR_CONFLICT; CHAIN_LENGTH_UNRESOLVED; EC=CONFLICT; UniProt=; RBH=;GPR_CONFLICT; CHAIN_LENGTH_UNRESOLVED; EC=CONFLICT; UniProt=; RBH=	GPR_PROPOSALS.tsv	Changed GPR is conflict/clear/protected and therefore requires centralized adjudication.	NOT_PROTECTED	reaction retention; phenotype; downstream gene statistics	GPR-only change; stoichiometry unchanged; phenotype regression required after finalize	P2	NO					3	GPR_PROPOSALS.tsv
HBREV-0088	GPR-529790763D	GPR	REACTION_GROUP	LSERDHr	EHJ93346_1 or EHJ93462_1 or EHJ94668_1	EHJ94668_1 or EHJ94668_1	REVIEW_GPR	GPR_CONFLICT	GPR_CONFLICT; DIRECTLY_SUPPORTED; EC=CONFLICT; UniProt=; RBH=	GPR_PROPOSALS.tsv	Changed GPR is conflict/clear/protected and therefore requires centralized adjudication.	NOT_PROTECTED	reaction retention; phenotype; downstream gene statistics	GPR-only change; stoichiometry unchanged; phenotype regression required after finalize	P2	NO					1	GPR_PROPOSALS.tsv
HBREV-0089	GPR-581A6F3C5D	GPR	REACTION_GROUP	RHACOAR100;RHACOAR140;RHACOAR60;RHACOAR80	EHJ91389_1;EHJ91389_1;EHJ91389_1;...(+1)	EHJ91389.1;EHJ91389.1;EHJ91389.1;...(+1)	REVIEW_GPR	GPR_CONFLICT	GPR_CONFLICT; CHAIN_LENGTH_UNRESOLVED; EC=1.1.1.100; UniProt=A0A265DY97; RBH=MBB3330059.1;GPR_CONFLICT; CHAIN_LENGTH_UNRESOLVED; EC=1.1.1.100; UniProt=A0A265DY97; RBH=MBB3330059.1;GPR_CONFLICT; CHAIN_LENGTH_UNRESOLVED; EC=1.1.1.100; UniProt=A0A265DY97; RBH=MBB3330059.1;GPR_CONFLICT; CHAIN_LENGTH_UNRESOLVED; EC=1.1.1.100; UniProt=A0A265DY97; RBH=MBB3330059.1	GPR_PROPOSALS.tsv	Changed GPR is conflict/clear/protected and therefore requires centralized adjudication.	NOT_PROTECTED	reaction retention; phenotype; downstream gene statistics	GPR-only change; stoichiometry unchanged; phenotype regression required after finalize	P2	NO					4	GPR_PROPOSALS.tsv
HBREV-0090	GPR-5BFB96D884	GPR	REACTION_GROUP	AACPS7;AACPS9	EHJ91390_1 or EHJ93472_1;EHJ91390_1 or EHJ93472_1	[UNRESOLVED:FF32_10120];[UNRESOLVED:FF32_10120]	REVIEW_GPR	GPR_LOW	GPR_LOW; FAMILY_LEVEL_ONLY; EC=NO_GENE_EC; UniProt=; RBH=;GPR_LOW; FAMILY_LEVEL_ONLY; EC=NO_GENE_EC; UniProt=; RBH=	GPR_PROPOSALS.tsv	Changed GPR is conflict/clear/protected and therefore requires centralized adjudication.	NOT_PROTECTED	reaction retention; phenotype; downstream gene statistics	GPR-only change; stoichiometry unchanged; phenotype regression required after finalize	P2	NO					2	GPR_PROPOSALS.tsv
HBREV-0091	GPR-5DE44E9DCE	GPR	REACTION_GROUP	PFK	EHJ91606_1	EHJ91606.1	REVIEW_GPR	GPR_CONFLICT	GPR_CONFLICT; CHAIN_LENGTH_UNRESOLVED; EC=2.7.1.90; UniProt=A0A265DZQ0; RBH=MBB3332217.1	GPR_PROPOSALS.tsv	Changed GPR is conflict/clear/protected and therefore requires centralized adjudication.	NOT_PROTECTED	reaction retention; phenotype; downstream gene statistics	GPR-only change; stoichiometry unchanged; phenotype regression required after finalize	P2	NO					1	GPR_PROPOSALS.tsv
HBREV-0092	GPR-5E32AA3317	GPR	REACTION_GROUP	ACTD	EHJ93212_1 or EHJ94103_1	EHJ93212.1 or EHJ94103.1	REVIEW_GPR	GPR_CONFLICT	GPR_CONFLICT; DIRECTLY_SUPPORTED; EC=1.1.99.21; UniProt=A0A265DWW8;A0A265DYY8; RBH=MBB3330290.1;MBB3331855.1	GPR_PROPOSALS.tsv	Changed GPR is conflict/clear/protected and therefore requires centralized adjudication.	NOT_PROTECTED	reaction retention; phenotype; downstream gene statistics	GPR-only change; stoichiometry unchanged; phenotype regression required after finalize	P2	NO					1	GPR_PROPOSALS.tsv
HBREV-0093	GPR-6F0F54040E	GPR	REACTION_GROUP	G1PP	EHJ92796_1	EHJ92796.1	REVIEW_GPR	GPR_CONFLICT	GPR_CONFLICT; DIRECTLY_SUPPORTED; EC=3.8.1.2; UniProt=A0A265E114; RBH=MBB3329450.1	GPR_PROPOSALS.tsv	Changed GPR is conflict/clear/protected and therefore requires centralized adjudication.	NOT_PROTECTED	reaction retention; phenotype; downstream gene statistics	GPR-only change; stoichiometry unchanged; phenotype regression required after finalize	P2	NO					1	GPR_PROPOSALS.tsv
HBREV-0094	GPR-70EA214667	GPR	REACTION_GROUP	HACD1;HACD8	EHJ93247_1 or EHJ94680_1;EHJ93247_1	EHJ93247.1 or EHJ94680.1;EHJ93247.1	REVIEW_GPR	GPR_CONFLICT	GPR_CONFLICT; DIRECTLY_SUPPORTED; EC=1.1.1.157; UniProt=A0A265DWZ3;A0A265E1L2; RBH=MBB3330974.1;MBB3332597.1;GPR_CONFLICT; FAMILY_LEVEL_ONLY; EC=1.1.1.157; UniProt=A0A265DWZ3; RBH=MBB3332597.1	GPR_PROPOSALS.tsv	Changed GPR is conflict/clear/protected and therefore requires centralized adjudication.	NOT_PROTECTED	reaction retention; phenotype; downstream gene statistics	GPR-only change; stoichiometry unchanged; phenotype regression required after finalize	P2	NO					2	GPR_PROPOSALS.tsv
HBREV-0095	GPR-7370973618	GPR	REACTION_GROUP	ASPO6	EHJ92310_1	EHJ93185_1	REVIEW_GPR	GPR_CONFLICT	GPR_CONFLICT; DIRECTLY_SUPPORTED; EC=EXACT; UniProt=; RBH=	GPR_PROPOSALS.tsv	Changed GPR is conflict/clear/protected and therefore requires centralized adjudication.	NOT_PROTECTED	reaction retention; phenotype; downstream gene statistics	GPR-only change; stoichiometry unchanged; phenotype regression required after finalize	P2	NO					1	GPR_PROPOSALS.tsv
HBREV-0096	GPR-7BE7DCCCFD	GPR	REACTION_GROUP	FACOAE100;FACOAE120;FACOAE140;FACOAE180	EHJ92938_1;EHJ92938_1;EHJ92938_1 or EHJ92982_1;...(+1)	EHJ92938.1;EHJ92938.1;EHJ92938.1 or EHJ92982.1;...(+1)	REVIEW_GPR	GPR_CONFLICT	GPR_CONFLICT; CHAIN_LENGTH_UNRESOLVED; EC=3.1.2.20; UniProt=A0A265E0I6; RBH=MBB3332095.1;GPR_CONFLICT; CHAIN_LENGTH_UNRESOLVED; EC=3.1.2.20; UniProt=A0A265E0I6; RBH=MBB3332095.1;GPR_CONFLICT; CHAIN_LENGTH_UNRESOLVED; EC=3.1.2.20; UniProt=A0A265E0E1;A0A265E0I6; RBH=MBB3332095.1;MBB3332338.1;GPR_CONFLICT; DIRECTLY_SUPPORTED; EC=3.1.2.20; UniProt=A0A265E0I6; RBH=MBB3332095.1	GPR_PROPOSALS.tsv	Changed GPR is conflict/clear/protected and therefore requires centralized adjudication.	NOT_PROTECTED	reaction retention; phenotype; downstream gene statistics	GPR-only change; stoichiometry unchanged; phenotype regression required after finalize	P2	NO					4	GPR_PROPOSALS.tsv
HBREV-0097	GPR-822762A790	GPR	REACTION_GROUP	ALLTN	EHJ91652_1 or EHJ92866_1	EHJ91652.1 or EHJ92866.1	REVIEW_GPR	GPR_CONFLICT	GPR_CONFLICT; FAMILY_LEVEL_ONLY; EC=NO_GENE_EC; UniProt=A0A265DZY4;A0A265E144; RBH=MBB3329390.1;MBB3331508.1	GPR_PROPOSALS.tsv	Changed GPR is conflict/clear/protected and therefore requires centralized adjudication.	NOT_PROTECTED	reaction retention; phenotype; downstream gene statistics	GPR-only change; stoichiometry unchanged; phenotype regression required after finalize	P2	NO					1	GPR_PROPOSALS.tsv
HBREV-0098	GPR-88295F59B0	GPR	REACTION_GROUP	G3PAT120;G3PAT141;G3PAT161	EHJ91390_1;EHJ91390_1;EHJ91390_1	[UNRESOLVED:Csal_0861] or EHJ91400_1;[UNRESOLVED:Csal_0861] or EHJ91400_1;[UNRESOLVED:Csal_0861] or EHJ91400_1	REVIEW_GPR	GPR_CONFLICT	GPR_CONFLICT; FAMILY_LEVEL_ONLY; EC=NO_GENE_EC; UniProt=; RBH=;GPR_CONFLICT; FAMILY_LEVEL_ONLY; EC=NO_GENE_EC; UniProt=; RBH=;GPR_CONFLICT; FAMILY_LEVEL_ONLY; EC=NO_GENE_EC; UniProt=; RBH=	GPR_PROPOSALS.tsv	Changed GPR is conflict/clear/protected and therefore requires centralized adjudication.	NOT_PROTECTED	reaction retention; phenotype; downstream gene statistics	GPR-only change; stoichiometry unchanged; phenotype regression required after finalize	P2	NO					3	GPR_PROPOSALS.tsv
HBREV-0099	GPR-962B5F7477	GPR	REACTION_GROUP	ECOAH12	EHJ91463_1	EHJ91463.1	REVIEW_GPR	GPR_CONFLICT	GPR_CONFLICT; DIRECTLY_SUPPORTED; EC=3.1.2.4; UniProt=A0A265DY28; RBH=MBB3331031.1	GPR_PROPOSALS.tsv	Changed GPR is conflict/clear/protected and therefore requires centralized adjudication.	NOT_PROTECTED	reaction retention; phenotype; downstream gene statistics	GPR-only change; stoichiometry unchanged; phenotype regression required after finalize	P2	NO					1	GPR_PROPOSALS.tsv
HBREV-0100	GPR-97EB37F0BF	GPR	REACTION_GROUP	MTHFR3	EHJ94192_1	EHJ94192.1	REVIEW_GPR	GPR_CONFLICT	GPR_CONFLICT; DIRECTLY_SUPPORTED; EC=1.5.1.54; UniProt=A0A265DTL7; RBH=MBB3332184.1	GPR_PROPOSALS.tsv	Changed GPR is conflict/clear/protected and therefore requires centralized adjudication.	NOT_PROTECTED	reaction retention; phenotype; downstream gene statistics	GPR-only change; stoichiometry unchanged; phenotype regression required after finalize	P2	NO					1	GPR_PROPOSALS.tsv
HBREV-0101	GPR-AB8C3B5235	GPR	REACTION_GROUP	HACD1i	EHJ92213_1 or EHJ92231_1 or EHJ93247_1	EHJ92213_1	REVIEW_GPR	GPR_CONFLICT	GPR_CONFLICT; DIRECTLY_SUPPORTED; EC=CONFLICT; UniProt=; RBH=	GPR_PROPOSALS.tsv	Changed GPR is conflict/clear/protected and therefore requires centralized adjudication.	NOT_PROTECTED	reaction retention; phenotype; downstream gene statistics	GPR-only change; stoichiometry unchanged; phenotype regression required after finalize	P2	NO					1	GPR_PROPOSALS.tsv
HBREV-0102	GPR-B3B0367E6F	GPR	REACTION_GROUP	AHSERL2	EHJ91951_1 or EHJ94589_1	EHJ93185_1	REVIEW_GPR	GPR_CONFLICT	GPR_CONFLICT; DIRECTLY_SUPPORTED; EC=EXACT; UniProt=; RBH=	GPR_PROPOSALS.tsv	Changed GPR is conflict/clear/protected and therefore requires centralized adjudication.	NOT_PROTECTED	reaction retention; phenotype; downstream gene statistics	GPR-only change; stoichiometry unchanged; phenotype regression required after finalize	P2	NO					1	GPR_PROPOSALS.tsv
HBREV-0103	GPR-B6DC113D0B	GPR	REACTION_GROUP	PTRCabcpp	EHJ92256_1 or EHJ94819_1 or EHJ94858_1 or (EHJ94855_1 and EHJ94858_1) or (EHJ92365_1 and EHJ92366_1 and EHJ92367_1) or (EHJ92365_1 and EHJ92366_1 and EHJ93000_1) or (EHJ92365_1 and EHJ92366_1 and EHJ94819_1) or (EHJ92365_1 and EHJ92366_1 and EHJ92367_1 and EHJ92368_1)	EHJ92256.1 or EHJ92365.1 or EHJ92366.1 or EHJ92367.1 or EHJ92368.1 or EHJ93000.1 or EHJ94819.1 or EHJ94855.1 or EHJ94858.1	REVIEW_GPR	GPR_CONFLICT	GPR_CONFLICT; STEREOSPECIFICITY_UNRESOLVED; EC=7.6.2.11; UniProt=A0A265DTQ0;A0A265DTS2;A0A265DTV6;A0A265DU40;...(+5); RBH=MBB3329953.1;MBB3329954.1;MBB3329955.1;MBB3329956.1;...(+4)	GPR_PROPOSALS.tsv	Changed GPR is conflict/clear/protected and therefore requires centralized adjudication.	NOT_PROTECTED	reaction retention; phenotype; downstream gene statistics	GPR-only change; stoichiometry unchanged; phenotype regression required after finalize	P2	NO					1	GPR_PROPOSALS.tsv
HBREV-0104	GPR-BA9823E14E	GPR	REACTION_GROUP	GLYCLTDy	EHJ92805_1	EHJ91725_1	REVIEW_GPR	GPR_CONFLICT	GPR_CONFLICT; DIRECTLY_SUPPORTED; EC=NO_GENE_EC; UniProt=; RBH=	GPR_PROPOSALS.tsv	Changed GPR is conflict/clear/protected and therefore requires centralized adjudication.	NOT_PROTECTED	reaction retention; phenotype; downstream gene statistics	GPR-only change; stoichiometry unchanged; phenotype regression required after finalize	P2	NO					1	GPR_PROPOSALS.tsv
HBREV-0105	GPR-BD5F55400E	GPR	REACTION_GROUP	KAT1	EHJ92212_1	EHJ92212.1	REVIEW_GPR	GPR_CONFLICT	GPR_CONFLICT; DIRECTLY_SUPPORTED; EC=2.3.1.16; UniProt=A0ABX4G5G8; RBH=MBB3331773.1	GPR_PROPOSALS.tsv	Changed GPR is conflict/clear/protected and therefore requires centralized adjudication.	NOT_PROTECTED	reaction retention; phenotype; downstream gene statistics	GPR-only change; stoichiometry unchanged; phenotype regression required after finalize	P2	NO					1	GPR_PROPOSALS.tsv
HBREV-0106	GPR-D082AB63D3	GPR	REACTION_GROUP	GLYCTO1	EHJ92332_1 or (EHJ92882_1 and EHJ92883_1 and EHJ92884_1)	[UNRESOLVED:Csal_2687] and EHJ92883_1 and EHJ92884_1	REVIEW_GPR	GPR_CONFLICT	GPR_CONFLICT; DIRECTLY_SUPPORTED; EC=CONFLICT; UniProt=; RBH=	GPR_PROPOSALS.tsv	Changed GPR is conflict/clear/protected and therefore requires centralized adjudication.	NOT_PROTECTED	reaction retention; phenotype; downstream gene statistics	GPR-only change; stoichiometry unchanged; phenotype regression required after finalize	P2	NO					1	GPR_PROPOSALS.tsv
HBREV-0107	GPR-E6F9F0F638	GPR	REACTION_GROUP	DHDPRx_r	EHJ93904_1	EHJ93904.1	REVIEW_GPR	GPR_CONFLICT	GPR_CONFLICT; FAMILY_LEVEL_ONLY; EC=1.17.1.8; UniProt=A0A265DZB9; RBH=MBB3330837.1	GPR_PROPOSALS.tsv	Changed GPR is conflict/clear/protected and therefore requires centralized adjudication.	NOT_PROTECTED	reaction retention; phenotype; downstream gene statistics	GPR-only change; stoichiometry unchanged; phenotype regression required after finalize	P2	NO					1	GPR_PROPOSALS.tsv
HBREV-0108	GPR-E92EBB849D	GPR	REACTION_GROUP	PTRCabc	EHJ92256_1 or EHJ92367_1 or EHJ93000_1 or EHJ94819_1 or EHJ94858_1	EHJ92256.1 or EHJ92367.1 or EHJ93000.1 or EHJ94819.1 or EHJ94858.1	REVIEW_GPR	GPR_CONFLICT	GPR_CONFLICT; STEREOSPECIFICITY_UNRESOLVED; EC=7.6.2.11; UniProt=A0A265DTQ0;A0A265DUJ2;A0A265E0G0;A0A265E1B3;...(+1); RBH=MBB3329954.1;MBB3331272.1;MBB3331351.1;MBB3332356.1	GPR_PROPOSALS.tsv	Changed GPR is conflict/clear/protected and therefore requires centralized adjudication.	NOT_PROTECTED	reaction retention; phenotype; downstream gene statistics	GPR-only change; stoichiometry unchanged; phenotype regression required after finalize	P2	NO					1	GPR_PROPOSALS.tsv
HBREV-0109	GPR-EBFD70D73B	GPR	REACTION_GROUP	NADHPO	EHJ92369_1 or (EHJ92369_1 and EHJ92370_1)	EHJ92369.1 or EHJ92370.1	REVIEW_GPR	GPR_CONFLICT	GPR_CONFLICT; DIRECTLY_SUPPORTED; EC=1.11.1.26; UniProt=A0A265DTW5;A0A265DUS0; RBH=MBB3329897.1;MBB3329898.1	GPR_PROPOSALS.tsv	Changed GPR is conflict/clear/protected and therefore requires centralized adjudication.	NOT_PROTECTED	reaction retention; phenotype; downstream gene statistics	GPR-only change; stoichiometry unchanged; phenotype regression required after finalize	P2	NO					1	GPR_PROPOSALS.tsv
HBREV-0110	GPR-ECD983C323	GPR	REACTION_GROUP	CYSDDS	EHJ94647_1	EHJ94647.1	REVIEW_GPR	GPR_CONFLICT	GPR_CONFLICT; DIRECTLY_SUPPORTED; EC=3.5.99.7; UniProt=A0A265E1P6; RBH=	GPR_PROPOSALS.tsv	Changed GPR is conflict/clear/protected and therefore requires centralized adjudication.	NOT_PROTECTED	reaction retention; phenotype; downstream gene statistics	GPR-only change; stoichiometry unchanged; phenotype regression required after finalize	P2	NO					1	GPR_PROPOSALS.tsv
HBREV-0111	GPR-FE127475F6	GPR	REACTION_GROUP	FEOXAMR1;FEOXAMR2;FEOXAMR3	EHJ93762_1;EHJ93762_1;EHJ93762_1	[UNRESOLVED:Csal_3257];[UNRESOLVED:Csal_3257];[UNRESOLVED:Csal_3257]	REVIEW_GPR	GPR_LOW	GPR_LOW; FAMILY_LEVEL_ONLY; EC=NO_REACTION_EC; UniProt=; RBH=;GPR_LOW; FAMILY_LEVEL_ONLY; EC=NO_REACTION_EC; UniProt=; RBH=;GPR_LOW; FAMILY_LEVEL_ONLY; EC=NO_REACTION_EC; UniProt=; RBH=	GPR_PROPOSALS.tsv	Changed GPR is conflict/clear/protected and therefore requires centralized adjudication.	NOT_PROTECTED	reaction retention; phenotype; downstream gene statistics	GPR-only change; stoichiometry unchanged; phenotype regression required after finalize	P2	NO					3	GPR_PROPOSALS.tsv
