N_fraction_qNref,O2_fraction_qO2ref,mu_max_h-1,PHB_flux_mmol_gDW_h,PHB_capacity_g_gDW_h
0.05,0.05,0.014366602097247983,0.7885063165445052,0.2715300351652658
0.05,0.11904761904761905,0.014366602097247983,0.8215400418388561,0.2829055288076285
0.05,0.1880952380952381,0.014366602097247983,0.8545737671332069,0.2942810224499911
0.05,0.2571428571428572,0.014366602097247983,0.8709569765797374,0.29992274445499834
0.05,0.3261904761904762,0.014366602097247983,0.8709569765805127,0.29992274445526534
0.05,0.3952380952380952,0.014366602097247983,0.8709569765808138,0.29992274445536904
0.05,0.4642857142857143,0.014366602097247983,0.8709569765803765,0.29992274445521844
0.05,0.5333333333333334,0.014366602097247983,0.8709569765803765,0.29992274445521844
0.05,0.6023809523809525,0.014366602097247983,0.8709569765803765,0.29992274445521844
0.05,0.6714285714285715,0.014366602097247983,0.8709569765805127,0.29992274445526534
0.05,0.7404761904761905,0.014366602097247983,0.8709569765805127,0.29992274445526534
0.05,0.8095238095238096,0.014366602097247983,0.8709569765805127,0.29992274445526534
0.05,0.8785714285714287,0.014366602097247983,0.8709569765805127,0.29992274445526534
0.05,0.9476190476190477,0.014366602097247983,0.8709569765803765,0.29992274445521844
0.05,1.0166666666666668,0.014366602097247983,0.8709569765803765,0.29992274445521844
0.05,1.0857142857142859,0.014366602097247983,0.8709569765803765,0.29992274445521844
0.05,1.1547619047619049,0.014366602097247983,0.8709569765803765,0.29992274445521844
0.05,1.223809523809524,0.014366602097247957,0.8709569765797498,0.29992274445500267
0.05,1.292857142857143,0.014366602097247957,0.8709569765805172,0.2999227444552669
0.05,1.361904761904762,0.014366602097247957,0.8709569765806795,0.2999227444553228
0.05,1.430952380952381,0.014366602097247957,0.8709569765803751,0.29992274445521794
0.05,1.5,0.014366602097247983,0.8709569765805456,0.29992274445527667
0.11764705882352941,0.05,0.033803769640582855,0.7811806042090412,0.26900735286542543
0.11764705882352941,0.11904761904761905,0.033803769640582855,0.8142143295033821,0.28038284650778467
0.11764705882352941,0.1880952380952381,0.03380376964058285,0.8472480547977228,0.29175834015014385
0.11764705882352941,0.2571428571428572,0.03380376964058285,0.8654870037200544,0.29803910460103794
0.11764705882352941,0.3261904761904762,0.03380376964058285,0.8654870037200544,0.29803910460103794
0.11764705882352941,0.3952380952380952,0.033803769640582855,0.8654870037200544,0.29803910460103794
0.11764705882352941,0.4642857142857143,0.033803769640582855,0.8654870037200544,0.29803910460103794
0.11764705882352941,0.5333333333333334,0.033803769640582855,0.8654870037200544,0.29803910460103794
0.11764705882352941,0.6023809523809525,0.03380376964058285,0.8654870037201715,0.29803910460107824
0.11764705882352941,0.6714285714285715,0.03380376964058285,0.8654870037201715,0.29803910460107824
0.11764705882352941,0.7404761904761905,0.03380376964058285,0.8654870037201715,0.29803910460107824
0.11764705882352941,0.8095238095238096,0.03380376964058285,0.8654870037202267,0.2980391046010973
0.11764705882352941,0.8785714285714287,0.03380376964058285,0.8654870037202267,0.2980391046010973
0.11764705882352941,0.9476190476190477,0.03380376964058285,0.8654870037196334,0.29803910460089295
0.11764705882352941,1.0166666666666668,0.03380376964058285,0.8654870037196334,0.29803910460089295
0.11764705882352941,1.0857142857142859,0.03380376964058285,0.8654870037196334,0.29803910460089295
0.11764705882352941,1.1547619047619049,0.03380376964058285,0.8654870037196334,0.29803910460089295
0.11764705882352941,1.223809523809524,0.033803769640582786,0.865487003719545,0.2980391046008625
0.11764705882352941,1.292857142857143,0.033803769640582786,0.865487003719545,0.2980391046008625
0.11764705882352941,1.361904761904762,0.0338037696405828,0.8654870037196024,0.2980391046008823
0.11764705882352941,1.430952380952381,0.03380376964058279,0.8654870037198606,0.2980391046009712
0.11764705882352941,1.5,0.03380376964058279,0.8654870037198602,0.29803910460097105
0.18529411764705883,0.05,0.053240937183928465,0.7738548918719647,0.2664846705650297
0.18529411764705883,0.11904761904761905,0.053240937183928465,0.8068886171670044,0.27786016420762966
0.18529411764705883,0.1880952380952381,0.05324093718392845,0.8399223424614365,0.28923565785002026
0.18529411764705883,0.2571428571428572,0.05324093718392845,0.8600170308588042,0.2961554647465378
0.18529411764705883,0.3261904761904762,0.05324093718392845,0.8600170308588042,0.2961554647465378
0.18529411764705883,0.3952380952380952,0.05324093718392847,0.8600170308588042,0.2961554647465378
0.18529411764705883,0.4642857142857143,0.05324093718392847,0.8600170308587725,0.2961554647465269
0.18529411764705883,0.5333333333333334,0.05324093718392847,0.8600170308591223,0.29615546474664733
0.18529411764705883,0.6023809523809525,0.05324093718392847,0.8600170308588976,0.29615546474656995
0.18529411764705883,0.6714285714285715,0.05324093718392847,0.8600170308588976,0.29615546474656995
0.18529411764705883,0.7404761904761905,0.05324093718392847,0.8600170308588976,0.29615546474656995
0.18529411764705883,0.8095238095238096,0.05324093718392847,0.8600170308588885,0.29615546474656684
0.18529411764705883,0.8785714285714287,0.05324093718392847,0.8600170308589904,0.2961554647466019
0.18529411764705883,0.9476190476190477,0.05324093718392847,0.8600170308589904,0.2961554647466019
0.18529411764705883,1.0166666666666668,0.05324093718392847,0.8600170308586003,0.2961554647464676
0.18529411764705883,1.0857142857142859,0.05324093718392847,0.8600170308586234,0.2961554647464755
0.18529411764705883,1.1547619047619049,0.05324093718392847,0.8600170308597076,0.2961554647468489
0.18529411764705883,1.223809523809524,0.05324093718392846,0.8600170308597076,0.2961554647468489
0.18529411764705883,1.292857142857143,0.05324093718392846,0.8600170308597076,0.2961554647468489
0.18529411764705883,1.361904761904762,0.053240937183928465,0.8600170308597076,0.2961554647468489
0.18529411764705883,1.430952380952381,0.05324093718392845,0.8600170308585725,0.29615546474645804
0.18529411764705883,1.5,0.05324093718392845,0.8600170308585725,0.29615546474645804
0.2529411764705882,0.05,0.0726781047272633,0.7665291795355289,0.26396198826485473
0.2529411764705882,0.11904761904761905,0.0726781047272633,0.7995629048298698,0.27533748190721397
0.2529411764705882,0.1880952380952381,0.0726781047272633,0.8325966301242107,0.2867129755495732
0.2529411764705882,0.2571428571428572,0.0726781047272633,0.8545470579969106,0.29427182489181614
0.2529411764705882,0.3261904761904762,0.0726781047272633,0.8545470579969106,0.29427182489181614
0.2529411764705882,0.3952380952380952,0.0726781047272633,0.8545470579969106,0.29427182489181614
0.2529411764705882,0.4642857142857143,0.0726781047272633,0.8545470579969106,0.29427182489181614
0.2529411764705882,0.5333333333333334,0.0726781047272633,0.8545470579969106,0.29427182489181614
0.2529411764705882,0.6023809523809525,0.0726781047272633,0.8545470579969106,0.29427182489181614
0.2529411764705882,0.6714285714285715,0.0726781047272633,0.8545470579969106,0.29427182489181614
0.2529411764705882,0.7404761904761905,0.0726781047272632,0.8545470579969114,0.2942718248918164
0.2529411764705882,0.8095238095238096,0.0726781047272633,0.8545470579967409,0.2942718248917577
0.2529411764705882,0.8785714285714287,0.0726781047272633,0.8545470579967409,0.2942718248917577
0.2529411764705882,0.9476190476190477,0.0726781047272633,0.8545470579972388,0.29427182489192916
0.2529411764705882,1.0166666666666668,0.0726781047272633,0.8545470579972388,0.29427182489192916
0.2529411764705882,1.0857142857142859,0.0726781047272633,0.8545470579972388,0.29427182489192916
0.2529411764705882,1.1547619047619049,0.0726781047272633,0.8545470579972388,0.29427182489192916
0.2529411764705882,1.223809523809524,0.0726781047272633,0.8545470579967948,0.2942718248917762
0.2529411764705882,1.292857142857143,0.0726781047272633,0.8545470579967714,0.29427182489176823
0.2529411764705882,1.361904761904762,0.07267810472726328,0.8545470579967948,0.2942718248917762
0.2529411764705882,1.430952380952381,0.07267810472726328,0.8545470579963425,0.29427182489162046
0.2529411764705882,1.5,0.07267810472726328,0.8545470579962863,0.29427182489160114
0.3205882352941176,0.05,0.09211527227059814,0.7592034671990419,0.261439305964662
0.3205882352941176,0.11904761904761905,0.09211527227059814,0.7922371924940705,0.27281479960725813
0.3205882352941176,0.1880952380952381,0.09211527227059814,0.8252709177873768,0.2841902932492611
0.3205882352941176,0.2571428571428572,0.09211527227059814,0.8490770851352416,0.2923881850371718
0.3205882352941176,0.3261904761904762,0.09211527227059814,0.8490770851352416,0.2923881850371718
0.3205882352941176,0.3952380952380952,0.09211527227059814,0.8490770851352416,0.2923881850371718
0.3205882352941176,0.4642857142857143,0.09211527227059814,0.8490770851353557,0.2923881850372111
0.3205882352941176,0.5333333333333334,0.09211527227059814,0.849077085134907,0.29238818503705655
0.3205882352941176,0.6023809523809525,0.09211527227059814,0.8490770851350247,0.29238818503709707
0.3205882352941176,0.6714285714285715,0.09211527227059814,0.8490770851350247,0.29238818503709707
0.3205882352941176,0.7404761904761905,0.09211527227059814,0.8490770851350247,0.29238818503709707
0.3205882352941176,0.8095238095238096,0.092115272270598,0.8490770851350247,0.29238818503709707
0.3205882352941176,0.8785714285714287,0.092115272270598,0.8490770851351462,0.292388185037139
0.3205882352941176,0.9476190476190477,0.092115272270598,0.8490770851351462,0.292388185037139
0.3205882352941176,1.0166666666666668,0.092115272270598,0.8490770851353069,0.29238818503719427
0.3205882352941176,1.0857142857142859,0.09211527227059814,0.8490770851353557,0.2923881850372111
0.3205882352941176,1.1547619047619049,0.09211527227059814,0.8490770851355806,0.29238818503728853
0.3205882352941176,1.223809523809524,0.09211527227059814,0.8490770851355806,0.29238818503728853
0.3205882352941176,1.292857142857143,0.09211527227059813,0.8490770851355806,0.29238818503728853
0.3205882352941176,1.361904761904762,0.09211527227059813,0.8490770851355806,0.29238818503728853
0.3205882352941176,1.430952380952381,0.09211527227059813,0.8490770851351378,0.29238818503713604
0.3205882352941176,1.5,0.09211527227059813,0.8490770851351378,0.29238818503713604
0.388235294117647,0.05,0.11155243981393297,0.7518777548628846,0.2589166236645829
0.388235294117647,0.11904761904761905,0.11155243981393297,0.7849114801573291,0.2702921173069779
0.388235294117647,0.1880952380952381,0.11155243981393297,0.8179452054518306,0.28166761094939236
0.388235294117647,0.2571428571428572,0.11155243981393297,0.8436071122741337,0.2905045451827207
0.388235294117647,0.3261904761904762,0.11155243981393297,0.8436071122741337,0.2905045451827207
0.388235294117647,0.3952380952380952,0.11155243981393297,0.8436071122741337,0.2905045451827207
0.388235294117647,0.4642857142857143,0.11155243981393297,0.8436071122738745,0.2905045451826314
0.388235294117647,0.5333333333333334,0.11155243981393297,0.8436071122738745,0.2905045451826314
0.388235294117647,0.6023809523809525,0.11155243981393297,0.8436071122738745,0.2905045451826314
0.388235294117647,0.6714285714285715,0.11155243981393297,0.8436071122736418,0.2905045451825513
0.388235294117647,0.7404761904761905,0.11155243981393297,0.8436071122736418,0.2905045451825513
0.388235294117647,0.8095238095238096,0.11155243981393298,0.8436071122736789,0.2905045451825641
0.388235294117647,0.8785714285714287,0.1115524398139328,0.8436071122736789,0.2905045451825641
0.388235294117647,0.9476190476190477,0.1115524398139328,0.8436071122736789,0.2905045451825641
0.388235294117647,1.0166666666666668,0.1115524398139328,0.8436071122736789,0.2905045451825641
0.388235294117647,1.0857142857142859,0.11155243981393297,0.8436071122736221,0.2905045451825445
0.388235294117647,1.1547619047619049,0.111552439813933,0.8436071122737073,0.29050454518257385
0.388235294117647,1.223809523809524,0.11155243981393297,0.8436071122736587,0.2905045451825571
0.388235294117647,1.292857142857143,0.11155243981393297,0.843607112273922,0.2905045451826478
0.388235294117647,1.361904761904762,0.11155243981393297,0.8436071122738936,0.290504545182638
0.388235294117647,1.430952380952381,0.11155243981393297,0.8436071122738936,0.290504545182638
0.388235294117647,1.5,0.11155243981393297,0.8436071122738936,0.290504545182638
0.45588235294117646,0.05,0.11264448807554635,0.7514661706432013,0.2587748905226928
0.45588235294117646,0.11904761904761905,0.12648151620589781,0.7792848311686321,0.26835452446123015
0.45588235294117646,0.1880952380952381,0.13098960735727863,0.8106194931146306,0.2791449286489542
0.45588235294117646,0.2571428571428572,0.13098960735727863,0.8381371394125626,0.2886209053281101
0.45588235294117646,0.3261904761904762,0.13098960735727863,0.8381371394131442,0.2886209053283103
0.45588235294117646,0.3952380952380952,0.13098960735727863,0.8381371394131442,0.2886209053283103
0.45588235294117646,0.4642857142857143,0.13098960735727863,0.8381371394131442,0.2886209053283103
0.45588235294117646,0.5333333333333334,0.13098960735727863,0.8381371394131442,0.2886209053283103
0.45588235294117646,0.6023809523809525,0.13098960735727863,0.8381371394131442,0.2886209053283103
0.45588235294117646,0.6714285714285715,0.13098960735727863,0.8381371394130264,0.2886209053282698
0.45588235294117646,0.7404761904761905,0.13098960735727863,0.8381371394129127,0.2886209053282306
0.45588235294117646,0.8095238095238096,0.13098960735727846,0.838137139413545,0.28862090532844836
0.45588235294117646,0.8785714285714287,0.13098960735727846,0.838137139413201,0.2886209053283299
0.45588235294117646,0.9476190476190477,0.13098960735727846,0.8381371394130264,0.2886209053282698
0.45588235294117646,1.0166666666666668,0.13098960735727863,0.8381371394131442,0.2886209053283103
0.45588235294117646,1.0857142857142859,0.1309896073572787,0.8381371394131157,0.28862090532830054
0.45588235294117646,1.1547619047619049,0.13098960735727866,0.838137139413201,0.2886209053283299
0.45588235294117646,1.223809523809524,0.13098960735727863,0.8381371394131726,0.28862090532832013
0.45588235294117646,1.292857142857143,0.13098960735727863,0.8381371394129021,0.288620905328227
0.45588235294117646,1.361904761904762,0.13098960735727863,0.8381371394127032,0.2886209053281585
0.45588235294117646,1.430952380952381,0.13098960735727863,0.8381371394127032,0.2886209053281585
0.45588235294117646,1.5,0.13098960735727863,0.8381371394129695,0.2886209053282502
0.5235294117647059,0.05,0.11264448807554635,0.7514661706432013,0.2587748905226928
0.5235294117647059,0.11904761904761905,0.12648151620589781,0.7792848311686321,0.26835452446123015
0.5235294117647059,0.1880952380952381,0.1403185443362494,0.8071034916938881,0.2779341583997073
0.5235294117647059,0.2571428571428572,0.15042677490061349,0.8326671665516873,0.286737265473739
0.5235294117647059,0.3261904761904762,0.15042677490061349,0.8326671665516873,0.286737265473739
0.5235294117647059,0.3952380952380952,0.15042677490061349,0.832667166551769,0.28673726547376716
0.5235294117647059,0.4642857142857143,0.15042677490061349,0.832667166551769,0.28673726547376716
0.5235294117647059,0.5333333333333334,0.15042677490061349,0.832667166551769,0.28673726547376716
0.5235294117647059,0.6023809523809525,0.15042677490061349,0.832667166551769,0.28673726547376716
0.5235294117647059,0.6714285714285715,0.15042677490061349,0.832667166551769,0.28673726547376716
0.5235294117647059,0.7404761904761905,0.15042677490061349,0.8326671665514022,0.28673726547364087
0.5235294117647059,0.8095238095238096,0.15042677490061324,0.8326671665514022,0.28673726547364087
0.5235294117647059,0.8785714285714287,0.15042677490061324,0.8326671665514022,0.28673726547364087
0.5235294117647059,0.9476190476190477,0.15042677490061349,0.8326671665518258,0.28673726547378675
0.5235294117647059,1.0166666666666668,0.1504267749006135,0.8326671665518258,0.28673726547378675
0.5235294117647059,1.0857142857142859,0.1504267749006135,0.8326671665517441,0.2867372654737586
0.5235294117647059,1.1547619047619049,0.15042677490061349,0.8326671665518258,0.28673726547378675
0.5235294117647059,1.223809523809524,0.15042677490061349,0.8326671665518258,0.28673726547378675
0.5235294117647059,1.292857142857143,0.15042677490061349,0.8326671665514578,0.28673726547366
0.5235294117647059,1.361904761904762,0.15042677490061349,0.8326671665513157,0.28673726547361106
0.5235294117647059,1.430952380952381,0.15042677490061349,0.8326671665513157,0.28673726547361106
0.5235294117647059,1.5,0.15042677490061349,0.8326671665514578,0.28673726547366
0.5911764705882353,0.05,0.11264448807554635,0.7514661706432013,0.2587748905226928
0.5911764705882353,0.11904761904761905,0.12648151620589781,0.7792848311686321,0.26835452446123015
0.5911764705882353,0.1880952380952381,0.1403185443362494,0.8071034916938881,0.2779341583997073
0.5911764705882353,0.2571428571428572,0.15415557246660114,0.8316178150220243,0.2863759107809843
0.5911764705882353,0.3261904761904762,0.16799260059693916,0.8277238233596963,0.28503497581214504
0.5911764705882353,0.3952380952380952,0.16986394244394828,0.8271971936902021,0.284853625619158
0.5911764705882353,0.4642857142857143,0.16986394244394828,0.8271971936899865,0.28485362561908373
0.5911764705882353,0.5333333333333334,0.16986394244394828,0.8271971936902021,0.284853625619158
0.5911764705882353,0.6023809523809525,0.16986394244394828,0.8271971936900835,0.28485362561911715
0.5911764705882353,0.6714285714285715,0.16986394244394828,0.8271971936900835,0.28485362561911715
0.5911764705882353,0.7404761904761905,0.16986394244394828,0.8271971936900835,0.28485362561911715
0.5911764705882353,0.8095238095238096,0.16986394244394828,0.8271971936900827,0.28485362561911687
0.5911764705882353,0.8785714285714287,0.1698639424439483,0.8271971936900827,0.28485362561911687
0.5911764705882353,0.9476190476190477,0.16986394244394828,0.8271971936903286,0.2848536256192016
0.5911764705882353,1.0166666666666668,0.16986394244394834,0.8271971936900739,0.28485362561911387
0.5911764705882353,1.0857142857142859,0.1698639424439483,0.8271971936903286,0.2848536256192016
0.5911764705882353,1.1547619047619049,0.1698639424439483,0.8271971936903286,0.2848536256192016
0.5911764705882353,1.223809523809524,0.1698639424439483,0.8271971936903837,0.2848536256192205
0.5911764705882353,1.292857142857143,0.16986394244394828,0.8271971936903837,0.2848536256192205
0.5911764705882353,1.361904761904762,0.1698639424439483,0.8271971936903837,0.2848536256192205
0.5911764705882353,1.430952380952381,0.1698639424439483,0.8271971936903153,0.28485362561919697
0.5911764705882353,1.5,0.1698639424439483,0.8271971936903151,0.2848536256191969
0.6588235294117647,0.05,0.11264448807554635,0.7514661706432013,0.2587748905226928
0.6588235294117647,0.11904761904761905,0.12648151620589781,0.7792848311686321,0.26835452446123015
0.6588235294117647,0.1880952380952381,0.1403185443362494,0.8071034916938881,0.2779341583997073
0.6588235294117647,0.2571428571428572,0.15415557246660114,0.8316178150220243,0.2863759107809843
0.6588235294117647,0.3261904761904762,0.16799260059693916,0.8277238233596039,0.28503497581211323
0.6588235294117647,0.3952380952380952,0.18182962872730749,0.8238298316971648,0.2836940408432357
0.6588235294117647,0.4642857142857143,0.18930110998729396,0.8217272208289802,0.28296998576466764
0.6588235294117647,0.5333333333333334,0.18930110998729396,0.8217272208289802,0.28296998576466764
0.6588235294117647,0.6023809523809525,0.18930110998729396,0.8217272208289802,0.28296998576466764
0.6588235294117647,0.6714285714285715,0.18930110998729396,0.8217272208289824,0.28296998576466836
0.6588235294117647,0.7404761904761905,0.18930110998729396,0.8217272208289824,0.28296998576466836
0.6588235294117647,0.8095238095238096,0.18930110998729396,0.8217272208288717,0.2829699857646303
0.6588235294117647,0.8785714285714287,0.189301109987294,0.8217272208288717,0.2829699857646303
0.6588235294117647,0.9476190476190477,0.18930110998729402,0.8217272208283498,0.28296998576445054
0.6588235294117647,1.0166666666666668,0.18930110998729396,0.8217272208283498,0.28296998576445054
0.6588235294117647,1.0857142857142859,0.18930110998729396,0.8217272208283498,0.28296998576445054
0.6588235294117647,1.1547619047619049,0.18930110998729396,0.8217272208283498,0.28296998576445054
0.6588235294117647,1.223809523809524,0.18930110998729394,0.8217272208282186,0.28296998576440535
0.6588235294117647,1.292857142857143,0.18930110998729394,0.8217272208282186,0.28296998576440535
0.6588235294117647,1.361904761904762,0.18930110998729394,0.8217272208282186,0.28296998576440535
0.6588235294117647,1.430952380952381,0.18930110998729394,0.8217272208290459,0.28296998576469024
0.6588235294117647,1.5,0.18930110998729394,0.8217272208290459,0.28296998576469024
0.7264705882352941,0.05,0.11264448807554635,0.7514661706432013,0.2587748905226928
0.7264705882352941,0.11904761904761905,0.12648151620589781,0.7792848311686321,0.26835452446123015
0.7264705882352941,0.1880952380952381,0.1403185443362494,0.8071034916938881,0.2779341583997073
0.7264705882352941,0.2571428571428572,0.15415557246660114,0.8316178150220243,0.2863759107809843
0.7264705882352941,0.3261904761904762,0.16799260059693916,0.8277238233595798,0.2850349758121049
0.7264705882352941,0.3952380952380952,0.1818296287272996,0.8238298316972217,0.2836940408432553
0.7264705882352941,0.4642857142857143,0.19566665685766213,0.8199358400346494,0.2823531058743319
0.7264705882352941,0.5333333333333334,0.20873827753062849,0.8162572479674132,0.2810863459100584
0.7264705882352941,0.6023809523809525,0.2087382775306288,0.8162572479674131,0.2810863459100584
0.7264705882352941,0.6714285714285715,0.2087382775306288,0.8162572479675259,0.2810863459100972
0.7264705882352941,0.7404761904761905,0.2087382775306288,0.8162572479675259,0.2810863459100972
0.7264705882352941,0.8095238095238096,0.2087382775306288,0.8162572479675259,0.2810863459100972
0.7264705882352941,0.8785714285714287,0.20873827753062876,0.8162572479675209,0.28108634591009546
0.7264705882352941,0.9476190476190477,0.20873827753062885,0.8162572479671383,0.28108634590996373
0.7264705882352941,1.0166666666666668,0.20873827753062882,0.8162572479671383,0.28108634590996373
0.7264705882352941,1.0857142857142859,0.2087382775306288,0.8162572479671383,0.28108634590996373
0.7264705882352941,1.1547619047619049,0.20873827753062882,0.8162572479671383,0.28108634590996373
0.7264705882352941,1.223809523809524,0.20873827753062874,0.8162572479674561,0.2810863459100732
0.7264705882352941,1.292857142857143,0.20873827753062874,0.8162572479674561,0.2810863459100732
0.7264705882352941,1.361904761904762,0.20873827753062874,0.8162572479674561,0.2810863459100732
0.7264705882352941,1.430952380952381,0.20873827753062874,0.8162572479678836,0.28108634591022036
0.7264705882352941,1.5,0.20873827753062882,0.8162572479678277,0.28108634591020115
0.7941176470588235,0.05,0.11264448807554635,0.7514661706432013,0.2587748905226928
0.7941176470588235,0.11904761904761905,0.12648151620589781,0.7792848311686321,0.26835452446123015
0.7941176470588235,0.1880952380952381,0.14031854433624963,0.8071034916932571,0.27793415839949004
0.7941176470588235,0.2571428571428572,0.15415557246660114,0.8316178150221627,0.286375910781032
0.7941176470588235,0.3261904761904762,0.16799260059693916,0.8277238233595798,0.2850349758121049
0.7941176470588235,0.3952380952380952,0.1818296287272996,0.8238298316971939,0.2836940408432457
0.7941176470588235,0.4642857142857143,0.19566665685766213,0.8199358400346494,0.2823531058743319
0.7941176470588235,0.5333333333333334,0.20950368498801358,0.816041848372098,0.2810121709054157
0.7941176470588235,0.6023809523809525,0.22334071311836579,0.8121478567099958,0.27967123593665416
0.7941176470588235,0.6714285714285715,0.22817544507396365,0.8107872751060397,0.27920270605551584
0.7941176470588235,0.7404761904761905,0.22817544507396367,0.8107872751060397,0.27920270605551584
0.7941176470588235,0.8095238095238096,0.22817544507396362,0.8107872751060397,0.27920270605551584
0.7941176470588235,0.8785714285714287,0.22817544507396362,0.8107872751060383,0.27920270605551534
0.7941176470588235,0.9476190476190477,0.22817544507396362,0.8107872751063248,0.279202706055614
0.7941176470588235,1.0166666666666668,0.22817544507396362,0.8107872751061008,0.2792027060555369
0.7941176470588235,1.0857142857142859,0.22817544507396362,0.8107872751063248,0.279202706055614
0.7941176470588235,1.1547619047619049,0.22817544507396362,0.8107872751063248,0.279202706055614
0.7941176470588235,1.223809523809524,0.2281754450739636,0.810787275106562,0.2792027060556957
0.7941176470588235,1.292857142857143,0.2281754450739636,0.810787275106562,0.2792027060556957
0.7941176470588235,1.361904761904762,0.2281754450739636,0.810787275106562,0.2792027060556957
0.7941176470588235,1.430952380952381,0.2281754450739636,0.8107872751059816,0.2792027060554958
0.7941176470588235,1.5,0.2281754450739636,0.8107872751059813,0.2792027060554957
0.861764705882353,0.05,0.11264448807554635,0.7514661706432013,0.2587748905226928
0.861764705882353,0.11904761904761905,0.12648151620589781,0.7792848311686321,0.26835452446123015
0.861764705882353,0.1880952380952381,0.1403185443362494,0.8071034916938881,0.2779341583997073
0.861764705882353,0.2571428571428572,0.15415557246660114,0.8316178150220243,0.2863759107809843
0.861764705882353,0.3261904761904762,0.16799260059693916,0.8277238233595798,0.2850349758121049
0.861764705882353,0.3952380952380952,0.1818296287272996,0.8238298316970674,0.2836940408432021
0.861764705882353,0.4642857142857143,0.19566665685766213,0.8199358400346494,0.2823531058743319
0.861764705882353,0.5333333333333334,0.20950368498801358,0.816041848372098,0.2810121709054157
0.861764705882353,0.6023809523809525,0.22334071311836579,0.8121478567099958,0.27967123593665416
0.861764705882353,0.6714285714285715,0.23717774124872038,0.808253865047354,0.27833030096770683
0.861764705882353,0.7404761904761905,0.2476126126172977,0.805317302245832,0.2773190662013747
0.861764705882353,0.8095238095238096,0.2476126126172977,0.805317302245832,0.2773190662013747
0.861764705882353,0.8785714285714287,0.24761261261729844,0.8053173022455887,0.27731906620129093
0.861764705882353,0.9476190476190477,0.2476126126172985,0.805317302245832,0.2773190662013747
0.861764705882353,1.0166666666666668,0.2476126126172985,0.805317302245832,0.2773190662013747
0.861764705882353,1.0857142857142859,0.2476126126172985,0.805317302245832,0.2773190662013747
0.861764705882353,1.1547619047619049,0.2476126126172985,0.805317302245832,0.2773190662013747
0.861764705882353,1.223809523809524,0.24761261261729844,0.805317302245832,0.2773190662013747
0.861764705882353,1.292857142857143,0.24761261261729844,0.805317302245832,0.2773190662013747
0.861764705882353,1.361904761904762,0.24761261261729844,0.8053173022453445,0.27731906620120683
0.861764705882353,1.430952380952381,0.2476126126172982,0.8053173022453445,0.27731906620120683
0.861764705882353,1.5,0.2476126126172982,0.8053173022455719,0.2773190662012851
0.9294117647058824,0.05,0.11264448807554635,0.7514661706432013,0.2587748905226928
0.9294117647058824,0.11904761904761905,0.12648151620589781,0.7792848311685934,0.2683545244612168
0.9294117647058824,0.1880952380952381,0.1403185443362494,0.8071034916938881,0.2779341583997073
0.9294117647058824,0.2571428571428572,0.15415557246660114,0.8316178150219593,0.2863759107809619
0.9294117647058824,0.3261904761904762,0.16799260059693916,0.8277238233596039,0.28503497581211323
0.9294117647058824,0.3952380952380952,0.1818296287272996,0.8238298316972217,0.2836940408432553
0.9294117647058824,0.4642857142857143,0.19566665685766213,0.8199358400346494,0.2823531058743319
0.9294117647058824,0.5333333333333334,0.20950368498801358,0.816041848372098,0.2810121709054157
0.9294117647058824,0.6023809523809525,0.22334071311836579,0.8121478567099958,0.27967123593665416
0.9294117647058824,0.6714285714285715,0.23717774124872038,0.808253865047354,0.27833030096770683
0.9294117647058824,0.7404761904761905,0.24892396716930223,0.804948263196508,0.2771919839143495
0.9294117647058824,0.8095238095238096,0.25914262926560355,0.8020725456196213,0.27620170180957276
0.9294117647058824,0.8785714285714287,0.26704978016064407,0.7998473293835988,0.27543542634653606
0.9294117647058824,0.9476190476190477,0.26704978016064407,0.7998473293829638,0.2754354263463174
0.9294117647058824,1.0166666666666668,0.2670497801606441,0.7998473293829638,0.2754354263463174
0.9294117647058824,1.0857142857142859,0.2670497801606441,0.7998473293829638,0.2754354263463174
0.9294117647058824,1.1547619047619049,0.2670497801606441,0.7998473293829638,0.2754354263463174
0.9294117647058824,1.223809523809524,0.2670497801606438,0.7998473293833122,0.27543542634643736
0.9294117647058824,1.292857142857143,0.2670497801606438,0.7998473293833122,0.27543542634643736
0.9294117647058824,1.361904761904762,0.2670497801606438,0.7998473293833122,0.27543542634643736
0.9294117647058824,1.430952380952381,0.2670497801606438,0.799847329383464,0.27543542634648965
0.9294117647058824,1.5,0.2670497801606438,0.7998473293832307,0.27543542634640933
0.9970588235294118,0.05,0.11264448807554635,0.7514661706432013,0.2587748905226928
0.9970588235294118,0.11904761904761905,0.12648151620589781,0.7792848311686321,0.26835452446123015
0.9970588235294118,0.1880952380952381,0.1403185443362494,0.8071034916938881,0.2779341583997073
0.9970588235294118,0.2571428571428572,0.15415557246660114,0.8316178150219593,0.2863759107809619
0.9970588235294118,0.3261904761904762,0.16799260059693916,0.8277238233595798,0.2850349758121049
0.9970588235294118,0.3952380952380952,0.1818296287272996,0.8238298316970674,0.2836940408432021
0.9970588235294118,0.4642857142857143,0.19566665685766213,0.8199358400346494,0.2823531058743319
0.9970588235294118,0.5333333333333334,0.20950368498801358,0.816041848372098,0.2810121709054157
0.9970588235294118,0.6023809523809525,0.22334071311836579,0.8121478567099958,0.27967123593665416
0.9970588235294118,0.6714285714285715,0.23717774124872038,0.808253865047354,0.27833030096770683
0.9970588235294118,0.7404761904761905,0.24892396716930223,0.804948263196508,0.2771919839143495
0.9970588235294118,0.8095238095238096,0.25914262926560355,0.8020725456196213,0.27620170180957276
0.9970588235294118,0.8785714285714287,0.26936129136190845,0.7991968280434318,0.2752114197050362
0.9970588235294118,0.9476190476190477,0.27957995345820974,0.7963211104658099,0.27422113760000627
0.9970588235294118,1.0166666666666668,0.286486947703979,0.7943773565217523,0.27355178649183065
0.9970588235294118,1.0857142857142859,0.28648694770397864,0.7943773565217523,0.27355178649183065
0.9970588235294118,1.1547619047619049,0.28648694770397864,0.7943773565222696,0.27355178649200873
0.9970588235294118,1.223809523809524,0.2864869477039786,0.7943773565217127,0.273551786491817
0.9970588235294118,1.292857142857143,0.2864869477039786,0.7943773565217127,0.273551786491817
0.9970588235294118,1.361904761904762,0.2864869477039786,0.7943773565217127,0.273551786491817
0.9970588235294118,1.430952380952381,0.2864869477039786,0.7943773565219596,0.27355178649190204
0.9970588235294118,1.5,0.2864869477039786,0.7943773565219596,0.27355178649190204
1.0647058823529412,0.05,0.11264448807554635,0.7514661706432013,0.2587748905226928
1.0647058823529412,0.11904761904761905,0.12648151620589781,0.7792848311686321,0.26835452446123015
1.0647058823529412,0.1880952380952381,0.1403185443362494,0.8071034916938881,0.2779341583997073
1.0647058823529412,0.2571428571428572,0.15415557246660114,0.8316178150219593,0.2863759107809619
1.0647058823529412,0.3261904761904762,0.16799260059693916,0.8277238233595798,0.2850349758121049
1.0647058823529412,0.3952380952380952,0.1818296287272996,0.8238298316970674,0.2836940408432021
1.0647058823529412,0.4642857142857143,0.19566665685766213,0.8199358400346494,0.2823531058743319
1.0647058823529412,0.5333333333333334,0.20950368498801358,0.816041848372098,0.2810121709054157
1.0647058823529412,0.6023809523809525,0.22334071311836579,0.8121478567099958,0.27967123593665416
1.0647058823529412,0.6714285714285715,0.23717774124872038,0.808253865047354,0.27833030096770683
1.0647058823529412,0.7404761904761905,0.24892396716930223,0.804948263196508,0.2771919839143495
1.0647058823529412,0.8095238095238096,0.25914262926560355,0.8020725456196213,0.27620170180957276
1.0647058823529412,0.8785714285714287,0.26936129136190845,0.7991968280434318,0.2752114197050362
1.0647058823529412,0.9476190476190477,0.27957995345820974,0.7963211104658099,0.27422113760000627
1.0647058823529412,1.0166666666666668,0.28975491270140397,0.7934576916682712,0.2732350907028859
1.0647058823529412,1.0857142857142859,0.29023438580320565,0.7933227592064329,0.27318862536032723
1.0647058823529412,1.1547619047619049,0.2902343858032056,0.7933227592067507,0.27318862536043664
1.0647058823529412,1.223809523809524,0.29023438580378286,0.7933227592063498,0.2731886253602986
1.0647058823529412,1.292857142857143,0.29023438580378286,0.7933227592063498,0.2731886253602986
1.0647058823529412,1.361904761904762,0.2902343858031597,0.7933227592063693,0.2731886253603053
1.0647058823529412,1.430952380952381,0.2902343858031597,0.7933227592069899,0.273188625360519
1.0647058823529412,1.5,0.2902343858031597,0.7933227592069899,0.273188625360519
1.1323529411764706,0.05,0.11264448807554635,0.7514661706432013,0.2587748905226928
1.1323529411764706,0.11904761904761905,0.12648151620589781,0.7792848311686321,0.26835452446123015
1.1323529411764706,0.1880952380952381,0.1403185443362494,0.8071034916938881,0.2779341583997073
1.1323529411764706,0.2571428571428572,0.15415557246660114,0.8316178150219593,0.2863759107809619
1.1323529411764706,0.3261904761904762,0.16799260059693916,0.8277238233596963,0.28503497581214504
1.1323529411764706,0.3952380952380952,0.1818296287272996,0.8238298316970674,0.2836940408432021
1.1323529411764706,0.4642857142857143,0.19566665685766213,0.8199358400346494,0.2823531058743319
1.1323529411764706,0.5333333333333334,0.20950368498801358,0.816041848372098,0.2810121709054157
1.1323529411764706,0.6023809523809525,0.22334071311836579,0.8121478567099958,0.27967123593665416
1.1323529411764706,0.6714285714285715,0.23717774124872038,0.808253865047354,0.27833030096770683
1.1323529411764706,0.7404761904761905,0.24892396716930223,0.804948263196508,0.2771919839143495
1.1323529411764706,0.8095238095238096,0.25914262926560355,0.8020725456196213,0.27620170180957276
1.1323529411764706,0.8785714285714287,0.26936129136190845,0.7991968280434318,0.2752114197050362
1.1323529411764706,0.9476190476190477,0.27957995345820974,0.7963211104658099,0.27422113760000627
1.1323529411764706,1.0166666666666668,0.28975491270140397,0.7934576916682712,0.2732350907028859
1.1323529411764706,1.0857142857142859,0.2902343858032056,0.7933227592066131,0.2731886253603893
1.1323529411764706,1.1547619047619049,0.2902343858032056,0.7933227592070918,0.27318862536055416
1.1323529411764706,1.223809523809524,0.29023438580378286,0.7933227592063498,0.2731886253602986
1.1323529411764706,1.292857142857143,0.29023438580378286,0.7933227592063498,0.2731886253602986
1.1323529411764706,1.361904761904762,0.2902343858031597,0.7933227592063693,0.2731886253603053
1.1323529411764706,1.430952380952381,0.2902343858031597,0.7933227592069899,0.273188625360519
1.1323529411764706,1.5,0.2902343858031597,0.7933227592069899,0.273188625360519
1.2,0.05,0.11264448807554635,0.7514661706432013,0.2587748905226928
1.2,0.11904761904761905,0.12648151620589781,0.7792848311686321,0.26835452446123015
1.2,0.1880952380952381,0.1403185443362494,0.8071034916938881,0.2779341583997073
1.2,0.2571428571428572,0.15415557246660114,0.8316178150219593,0.2863759107809619
1.2,0.3261904761904762,0.16799260059693916,0.8277238233596963,0.28503497581214504
1.2,0.3952380952380952,0.1818296287272996,0.8238298316970674,0.2836940408432021
1.2,0.4642857142857143,0.19566665685766213,0.8199358400346494,0.2823531058743319
1.2,0.5333333333333334,0.20950368498801358,0.816041848372098,0.2810121709054157
1.2,0.6023809523809525,0.22334071311836579,0.8121478567099958,0.27967123593665416
1.2,0.6714285714285715,0.23717774124872038,0.808253865047354,0.27833030096770683
1.2,0.7404761904761905,0.24892396716930223,0.804948263196508,0.2771919839143495
1.2,0.8095238095238096,0.25914262926560355,0.8020725456196213,0.27620170180957276
1.2,0.8785714285714287,0.26936129136190845,0.7991968280434318,0.2752114197050362
1.2,0.9476190476190477,0.27957995345820974,0.7963211104658099,0.27422113760000627
1.2,1.0166666666666668,0.28975491270140397,0.7934576916682712,0.2732350907028859
1.2,1.0857142857142859,0.2902343858032071,0.7933227592064329,0.27318862536032723
1.2,1.1547619047619049,0.2902343858032056,0.7933227592067507,0.27318862536043664
1.2,1.223809523809524,0.29023438580378286,0.7933227592063498,0.2731886253602986
1.2,1.292857142857143,0.29023438580378286,0.7933227592063498,0.2731886253602986
1.2,1.361904761904762,0.2902343858031597,0.7933227592063693,0.2731886253603053
1.2,1.430952380952381,0.2902343858031597,0.7933227592069899,0.273188625360519
1.2,1.5,0.2902343858031597,0.7933227592069899,0.273188625360519
