residual_growth_fraction_alpha	time_after_dual_limit_h	residual_growth_rate_h-1	PHB_capacity_g_gDW_h	relative_residual_biomass	relative_PHB_mass	PHB_wt_pct
0.0	0.0	0.0	0.3013150000000184	1.0	0.0	0.0
0.0	0.1	0.0	0.3013150000000184	1.0	0.030131500000001837	2.9250149131447576
0.0	0.2	0.0	0.3013150000000184	1.0	0.060263000000003675	5.683778458741224
0.0	0.30000000000000004	0.0	0.3013150000000184	1.0	0.09039450000000553	8.290072996516864
0.0	0.4	0.0	0.3013150000000184	1.0	0.12052600000000735	10.75619842823875
0.0	0.5	0.0	0.3013150000000184	1.0	0.1506575000000092	13.093166298399652
0.0	0.6000000000000001	0.0	0.3013150000000184	1.0	0.18078900000001105	15.310864176411652
0.0	0.7000000000000001	0.0	0.3013150000000184	1.0	0.2109205000000129	17.418195496732498
0.0	0.8	0.0	0.3013150000000184	1.0	0.2410520000000147	19.42319902792243
0.0	0.9	0.0	0.3013150000000184	1.0	0.27118350000001656	21.333151350691146
0.0	1.0	0.0	0.3013150000000184	1.0	0.3013150000000184	23.15465509888183
0.0	1.1	0.0	0.3013150000000184	1.0	0.33144650000002024	24.893715218750074
0.0	1.2000000000000002	0.0	0.3013150000000184	1.0	0.3615780000000221	26.555805102610076
0.0	1.3	0.0	0.3013150000000184	1.0	0.3917095000000239	28.145924131438147
0.0	1.4000000000000001	0.0	0.3013150000000184	1.0	0.4218410000000258	29.668647900856573
0.0	1.5	0.0	0.3013150000000184	1.0	0.45197250000002753	31.128172193345186
0.0	1.6	0.0	0.3013150000000184	1.0	0.4821040000000294	32.52835158666463
0.0	1.7000000000000002	0.0	0.3013150000000184	1.0	0.5122355000000313	33.87273344661071
0.0	1.8	0.0	0.3013150000000184	1.0	0.5423670000000331	35.16458793529824
0.0	1.9000000000000001	0.0	0.3013150000000184	1.0	0.572498500000035	36.406934569414354
0.0	2.0	0.0	0.3013150000000184	1.0	0.6026300000000367	37.60256578249645
0.0	2.1	0.0	0.3013150000000184	1.0	0.6327615000000386	38.75406787825556
0.0	2.2	0.0	0.3013150000000184	1.0	0.6628930000000405	39.86383970586348
0.0	2.3000000000000003	0.0	0.3013150000000184	1.0	0.6930245000000423	40.934109341006284
0.0	2.4000000000000004	0.0	0.3013150000000184	1.0	0.7231560000000442	41.966949016805536
0.0	2.5	0.0	0.3013150000000184	1.0	0.753287500000046	42.964288515148034
0.0	2.6	0.0	0.3013150000000184	1.0	0.7834190000000478	43.927927200507945
0.0	2.7	0.0	0.3013150000000184	1.0	0.8135505000000497	44.8595448541426
0.0	2.8000000000000003	0.0	0.3013150000000184	1.0	0.8436820000000516	45.76071144590163
0.0	2.9000000000000004	0.0	0.3013150000000184	1.0	0.8738135000000534	46.632895963233715
0.0	3.0	0.0	0.3013150000000184	1.0	0.9039450000000551	47.47747440183561
0.0	3.1	0.0	0.3013150000000184	1.0	0.9340765000000569	48.29573700937007
0.0	3.2	0.0	0.3013150000000184	1.0	0.9642080000000588	49.08889486246009
0.0	3.3000000000000003	0.0	0.3013150000000184	1.0	0.9943395000000607	49.85808584747133
0.0	3.4000000000000004	0.0	0.3013150000000184	1.0	1.0244710000000625	50.60438010719991
0.0	3.5	0.0	0.3013150000000184	1.0	1.0546025000000643	51.32878500829388
0.0	3.6	0.0	0.3013150000000184	1.0	1.0847340000000663	52.03224967789808
0.0	3.7	0.0	0.3013150000000184	1.0	1.114865500000068	52.71566915248427
0.0	3.8000000000000003	0.0	0.3013150000000184	1.0	1.14499700000007	53.3798881770013
0.0	3.9000000000000004	0.0	0.3013150000000184	1.0	1.1751285000000717	54.02570468825328
0.0	4.0	0.0	0.3013150000000184	1.0	1.2052600000000735	54.653873012707486
0.0	4.1000000000000005	0.0	0.3013150000000184	1.0	1.2353915000000755	55.265106805677384
0.0	4.2	0.0	0.3013150000000184	1.0	1.2655230000000772	55.86008175595808
0.0	4.3	0.0	0.3013150000000184	1.0	1.295654500000079	56.439438077464814
0.0	4.4	0.0	0.3013150000000184	1.0	1.325786000000081	57.00378280719013
0.0	4.5	0.0	0.3013150000000184	1.0	1.3559175000000827	57.5536919268198
0.0	4.6000000000000005	0.0	0.3013150000000184	1.0	1.3860490000000847	58.08971232359584
0.0	4.7	0.0	0.3013150000000184	1.0	1.4161805000000864	58.61236360445901
0.0	4.800000000000001	0.0	0.3013150000000184	1.0	1.4463120000000884	59.12213977612161
0.0	4.9	0.0	0.3013150000000184	1.0	1.4764435000000902	59.619510802488996
0.0	5.0	0.0	0.3013150000000184	1.0	1.506575000000092	60.104924049750615
0.0	5.1000000000000005	0.0	0.3013150000000184	1.0	1.536706500000094	60.57880562848075
0.0	5.2	0.0	0.3013150000000184	1.0	1.5668380000000957	61.04156164121138
0.0	5.300000000000001	0.0	0.3013150000000184	1.0	1.5969695000000976	61.49357934315507
0.0	5.4	0.0	0.3013150000000184	1.0	1.6271010000000994	61.935228223050345
0.0	5.5	0.0	0.3013150000000184	1.0	1.6572325000001011	62.36686101047003
0.0	5.6000000000000005	0.0	0.3013150000000184	1.0	1.6873640000001031	62.788814615364295
0.0	5.7	0.0	0.3013150000000184	1.0	1.7174955000001049	63.20141100509784
0.0	5.800000000000001	0.0	0.3013150000000184	1.0	1.7476270000001068	63.604958023779744
0.0	5.9	0.0	0.3013150000000184	1.0	1.7777585000001086	63.99975015826751
0.0	6.0	0.0	0.3013150000000184	1.0	1.8078900000001101	64.38606925485112
0.0	6.1000000000000005	0.0	0.3013150000000184	1.0	1.8380215000001123	64.76418519028273
0.0	6.2	0.0	0.3013150000000184	1.0	1.8681530000001139	65.13435650050884
0.0	6.300000000000001	0.0	0.3013150000000184	1.0	1.898284500000116	65.49683097018391
0.0	6.4	0.0	0.3013150000000184	1.0	1.9284160000001176	65.85184618578919
0.0	6.5	0.0	0.3013150000000184	1.0	1.9585475000001193	66.19963005495231
0.0	6.6000000000000005	0.0	0.3013150000000184	1.0	1.9886790000001213	66.54040129435248
0.0	6.7	0.0	0.3013150000000184	1.0	2.0188105000001233	66.87436988840606
0.0	6.800000000000001	0.0	0.3013150000000184	1.0	2.048942000000125	67.20173752075445
0.0	6.9	0.0	0.3013150000000184	1.0	2.079073500000127	67.52269798041655
0.0	7.0	0.0	0.3013150000000184	1.0	2.1092050000001286	67.83743754432535
0.0	7.1000000000000005	0.0	0.3013150000000184	1.0	2.1393365000001308	68.14613533783465
0.0	7.2	0.0	0.3013150000000184	1.0	2.1694680000001325	68.44896367466217
0.0	7.300000000000001	0.0	0.3013150000000184	1.0	2.1995995000001343	68.74608837762483
0.0	7.4	0.0	0.3013150000000184	1.0	2.229731000000136	69.03766908142016
0.0	7.5	0.0	0.3013150000000184	1.0	2.2598625000001378	69.32385951861596
0.0	7.6000000000000005	0.0	0.3013150000000184	1.0	2.28999400000014	69.60480778992431
0.0	7.7	0.0	0.3013150000000184	1.0	2.3201255000001417	69.88065661975858
0.0	7.800000000000001	0.0	0.3013150000000184	1.0	2.3502570000001435	70.15154359799988
0.0	7.9	0.0	0.3013150000000184	1.0	2.3803885000001452	70.41760140883342
0.0	8.0	0.0	0.3013150000000184	1.0	2.410520000000147	70.67895804745443
0.0	8.1	0.0	0.3013150000000184	1.0	2.4406515000001487	70.9357370253873
0.0	8.200000000000001	0.0	0.3013150000000184	1.0	2.470783000000151	71.18805756510976
0.0	8.3	0.0	0.3013150000000184	1.0	2.5009145000001527	71.43603478462681
0.0	8.4	0.0	0.3013150000000184	1.0	2.5310460000001545	71.67977987259422
0.0	8.5	0.0	0.3013150000000184	1.0	2.561177500000156	71.91940025455187
0.0	8.6	0.0	0.3013150000000184	1.0	2.591309000000158	72.15499975078848
0.0	8.700000000000001	0.0	0.3013150000000184	1.0	2.62144050000016	72.38667872632574
0.0	8.8	0.0	0.3013150000000184	1.0	2.651572000000162	72.61453423347655
0.0	8.9	0.0	0.3013150000000184	1.0	2.6817035000001637	72.83866014740308
0.0	9.0	0.0	0.3013150000000184	1.0	2.7118350000001654	73.05914729507224
0.0	9.1	0.0	0.3013150000000184	1.0	2.741966500000167	73.27608357798084
0.0	9.200000000000001	0.0	0.3013150000000184	1.0	2.7720980000001694	73.48955408899887
0.0	9.3	0.0	0.3013150000000184	1.0	2.802229500000171	73.69964122365694
0.0	9.4	0.0	0.3013150000000184	1.0	2.832361000000173	73.9064247861839
0.0	9.5	0.0	0.3013150000000184	1.0	2.8624925000001746	74.10998209058128
0.0	9.600000000000001	0.0	0.3013150000000184	1.0	2.892624000000177	74.31038805700334
0.0	9.700000000000001	0.0	0.3013150000000184	1.0	2.9227555000001786	74.5077153036952
0.0	9.8	0.0	0.3013150000000184	1.0	2.9528870000001803	74.7020342347263
0.0	9.9	0.0	0.3013150000000184	1.0	2.983018500000182	74.89341312374134
0.0	10.0	0.0	0.3013150000000184	1.0	3.013150000000184	75.08191819393856
0.0	10.100000000000001	0.0	0.3013150000000184	1.0	3.043281500000186	75.26761369447183
0.0	10.200000000000001	0.0	0.3013150000000184	1.0	3.073413000000188	75.45056197346172
0.0	10.3	0.0	0.3013150000000184	1.0	3.1035445000001896	75.63082354779011
0.0	10.4	0.0	0.3013150000000184	1.0	3.1336760000001913	75.8084571698422
0.0	10.5	0.0	0.3013150000000184	1.0	3.163807500000193	75.98351989135057
0.0	10.600000000000001	0.0	0.3013150000000184	1.0	3.1939390000001953	76.15606712448718
0.0	10.700000000000001	0.0	0.3013150000000184	1.0	3.224070500000197	76.32615270034074
0.0	10.8	0.0	0.3013150000000184	1.0	3.2542020000001988	76.49382892490875
0.0	10.9	0.0	0.3013150000000184	1.0	3.2843335000002005	76.65914663272704
0.0	11.0	0.0	0.3013150000000184	1.0	3.3144650000002023	76.82215523825195
0.0	11.100000000000001	0.0	0.3013150000000184	1.0	3.3445965000002045	76.98290278510439
0.0	11.200000000000001	0.0	0.3013150000000184	1.0	3.3747280000002062	77.14143599327883
0.0	11.3	0.0	0.3013150000000184	1.0	3.404859500000208	77.29780030441486
0.0	11.4	0.0	0.3013150000000184	1.0	3.4349910000002097	77.452039925223
0.0	11.5	0.0	0.3013150000000184	1.0	3.4651225000002115	77.60419786915247
0.0	11.600000000000001	0.0	0.3013150000000184	1.0	3.4952540000002137	77.75431599638301
0.0	11.700000000000001	0.0	0.3013150000000184	1.0	3.5253855000002154	77.90243505221925
0.0	11.8	0.0	0.3013150000000184	1.0	3.555517000000217	78.0485947039611
0.0	11.9	0.0	0.3013150000000184	1.0	3.585648500000219	78.19283357632074
0.0	12.0	0.0	0.3013150000000184	1.0	3.6157800000002203	78.33518928545224
0.0	12.100000000000001	0.0	0.3013150000000184	1.0	3.645911500000223	78.47569847165725
0.0	12.200000000000001	0.0	0.3013150000000184	1.0	3.6760430000002247	78.61439683082573
0.0	12.3	0.0	0.3013150000000184	1.0	3.7061745000002264	78.75131914466937
0.0	12.4	0.0	0.3013150000000184	1.0	3.7363060000002277	78.88649930980067
0.0	12.5	0.0	0.3013150000000184	1.0	3.7664375000002295	79.01997036570914
0.0	12.600000000000001	0.0	0.3013150000000184	1.0	3.796569000000232	79.15176452168306
0.0	12.700000000000001	0.0	0.3013150000000184	1.0	3.826700500000234	79.28191318272282
0.0	12.8	0.0	0.3013150000000184	1.0	3.856832000000235	79.41044697448972
0.0	12.9	0.0	0.3013150000000184	1.0	3.886963500000237	79.53739576733177
0.0	13.0	0.0	0.3013150000000184	1.0	3.9170950000002387	79.66278869942616
0.0	13.100000000000001	0.0	0.3013150000000184	1.0	3.9472265000002413	79.78665419907597
0.0	13.200000000000001	0.0	0.3013150000000184	1.0	3.9773580000002426	79.90902000619704
0.0	13.3	0.0	0.3013150000000184	1.0	4.007489500000244	80.02991319302913
0.0	13.4	0.0	0.3013150000000184	1.0	4.037621000000247	80.14936018410374
0.0	13.5	0.0	0.3013150000000184	1.0	4.067752500000248	80.26738677549957
0.0	13.600000000000001	0.0	0.3013150000000184	1.0	4.09788400000025	80.38401815341521
0.0	13.700000000000001	0.0	0.3013150000000184	1.0	4.128015500000252	80.49927891208694
0.0	13.8	0.0	0.3013150000000184	1.0	4.158147000000254	80.61319307107861
0.0	13.9	0.0	0.3013150000000184	1.0	4.188278500000256	80.72578409196903
0.0	14.0	0.0	0.3013150000000184	1.0	4.218410000000257	80.83707489446113
0.0	14.100000000000001	0.0	0.3013150000000184	1.0	4.248541500000259	80.9470878719364
0.0	14.200000000000001	0.0	0.3013150000000184	1.0	4.2786730000002615	81.05584490647648
0.0	14.3	0.0	0.3013150000000184	1.0	4.308804500000263	81.16336738337321
0.0	14.4	0.0	0.3013150000000184	1.0	4.338936000000265	81.26967620514742
0.0	14.5	0.0	0.3013150000000184	1.0	4.369067500000266	81.37479180509557
0.0	14.600000000000001	0.0	0.3013150000000184	1.0	4.3991990000002685	81.47873416038286
0.0	14.700000000000001	0.0	0.3013150000000184	1.0	4.429330500000271	81.58152280470033
0.0	14.8	0.0	0.3013150000000184	1.0	4.459462000000272	81.68317684050278
0.0	14.9	0.0	0.3013150000000184	1.0	4.489593500000274	81.78371495084382
0.0	15.0	0.0	0.3013150000000184	1.0	4.5197250000002755	81.883155410823
0.0	15.100000000000001	0.0	0.3013150000000184	1.0	4.549856500000278	81.98151609866039
0.0	15.200000000000001	0.0	0.3013150000000184	1.0	4.57998800000028	82.07881450641202
0.0	15.3	0.0	0.3013150000000184	1.0	4.610119500000281	82.17506775034026
0.0	15.4	0.0	0.3013150000000184	1.0	4.6402510000002835	82.27029258095163
0.0	15.5	0.0	0.3013150000000184	1.0	4.670382500000285	82.36450539271469
0.0	15.600000000000001	0.0	0.3013150000000184	1.0	4.700514000000287	82.45772223346965
0.0	15.700000000000001	0.0	0.3013150000000184	1.0	4.730645500000289	82.54995881354117
0.0	15.8	0.0	0.3013150000000184	1.0	4.7607770000002905	82.64123051456514
0.0	15.9	0.0	0.3013150000000184	1.0	4.790908500000293	82.73155239803997
0.0	16.0	0.0	0.3013150000000184	1.0	4.821040000000294	82.82093921361218
0.0	16.1	0.0	0.3013150000000184	1.0	4.851171500000296	82.90940540710609
0.0	16.2	0.0	0.3013150000000184	1.0	4.8813030000002975	82.99696512830661
0.0	16.3	0.0	0.3013150000000184	1.0	4.9114345000003	83.08363223850405
0.0	16.400000000000002	0.0	0.3013150000000184	1.0	4.941566000000302	83.16942031780933
0.0	16.5	0.0	0.3013150000000184	1.0	4.971697500000303	83.25434267224773
0.0	16.6	0.0	0.3013150000000184	1.0	5.001829000000305	83.33841234063901
0.0	16.7	0.0	0.3013150000000184	1.0	5.031960500000307	83.42164210127123
0.0	16.8	0.0	0.3013150000000184	1.0	5.062092000000309	83.50404447837563
0.0	16.900000000000002	0.0	0.3013150000000184	1.0	5.092223500000311	83.58563174840928
0.0	17.0	0.0	0.3013150000000184	1.0	5.122355000000312	83.66641594615228
0.0	17.1	0.0	0.3013150000000184	1.0	5.152486500000315	83.74640887062574
0.0	17.2	0.0	0.3013150000000184	1.0	5.182618000000316	83.82562209083679
0.0	17.3	0.0	0.3013150000000184	1.0	5.212749500000318	83.90406695135626
0.0	17.400000000000002	0.0	0.3013150000000184	1.0	5.24288100000032	83.98175457773505
0.0	17.5	0.0	0.3013150000000184	1.0	5.273012500000322	84.05869588176417
0.0	17.6	0.0	0.3013150000000184	1.0	5.303144000000324	84.13490156658409
0.0	17.7	0.0	0.3013150000000184	1.0	5.333275500000325	84.21038213164816
0.0	17.8	0.0	0.3013150000000184	1.0	5.363407000000327	84.28514787754501
0.0	17.900000000000002	0.0	0.3013150000000184	1.0	5.3935385000003295	84.35920891068461
0.0	18.0	0.0	0.3013150000000184	1.0	5.423670000000331	84.43257514785242
0.0	18.1	0.0	0.3013150000000184	1.0	5.453801500000333	84.50525632063601
0.0	18.2	0.0	0.3013150000000184	1.0	5.483933000000334	84.57726197972822
0.0	18.3	0.0	0.3013150000000184	1.0	5.5140645000003365	84.6486014991109
0.0	18.400000000000002	0.0	0.3013150000000184	1.0	5.544196000000339	84.71928408012307
0.0	18.5	0.0	0.3013150000000184	1.0	5.57432750000034	84.78931875541723
0.0	18.6	0.0	0.3013150000000184	1.0	5.604459000000342	84.85871439280723
0.0	18.7	0.0	0.3013150000000184	1.0	5.634590500000344	84.9274796990116
0.0	18.8	0.0	0.3013150000000184	1.0	5.664722000000346	84.99562322329501
0.0	18.900000000000002	0.0	0.3013150000000184	1.0	5.694853500000348	85.06315336101159
0.0	19.0	0.0	0.3013150000000184	1.0	5.724985000000349	85.13007835705287
0.0	19.1	0.0	0.3013150000000184	1.0	5.7551165000003515	85.19640630920358
0.0	19.200000000000003	0.0	0.3013150000000184	1.0	5.785248000000354	85.26214517140792
0.0	19.3	0.0	0.3013150000000184	1.0	5.815379500000355	85.32730275694922
0.0	19.400000000000002	0.0	0.3013150000000184	1.0	5.845511000000357	85.39188674154569
0.0	19.5	0.0	0.3013150000000184	1.0	5.8756425000003585	85.45590466636466
0.0	19.6	0.0	0.3013150000000184	1.0	5.905774000000361	85.51936394095799
0.0	19.700000000000003	0.0	0.3013150000000184	1.0	5.935905500000363	85.58227184612092
0.0	19.8	0.0	0.3013150000000184	1.0	5.966037000000364	85.64463553667676
0.0	19.900000000000002	0.0	0.3013150000000184	1.0	5.996168500000366	85.70646204418965
0.0	20.0	0.0	0.3013150000000184	1.0	6.026300000000368	85.76775827960736
0.0	20.1	0.0	0.3013150000000184	1.0	6.05643150000037	85.82853103583662
0.0	20.200000000000003	0.0	0.3013150000000184	1.0	6.086563000000372	85.88878699025257
0.0	20.3	0.0	0.3013150000000184	1.0	6.116694500000373	85.9485327071445
0.0	20.400000000000002	0.0	0.3013150000000184	1.0	6.146826000000376	86.00777464009971
0.0	20.5	0.0	0.3013150000000184	1.0	6.176957500000377	86.0665191343275
0.0	20.6	0.0	0.3013150000000184	1.0	6.207089000000379	86.12477242892453
0.0	20.700000000000003	0.0	0.3013150000000184	1.0	6.237220500000381	86.18254065908387
0.0	20.8	0.0	0.3013150000000184	1.0	6.267352000000383	86.23982985824895
0.0	20.900000000000002	0.0	0.3013150000000184	1.0	6.297483500000385	86.29664596021426
0.0	21.0	0.0	0.3013150000000184	1.0	6.327615000000386	86.35299480117409
0.0	21.1	0.0	0.3013150000000184	1.0	6.357746500000388	86.408882121721
0.0	21.200000000000003	0.0	0.3013150000000184	1.0	6.3878780000003905	86.46431356879543
0.0	21.3	0.0	0.3013150000000184	1.0	6.418009500000392	86.51929469758771
0.0	21.400000000000002	0.0	0.3013150000000184	1.0	6.448141000000394	86.57383097339394
0.0	21.5	0.0	0.3013150000000184	1.0	6.478272500000395	86.62792777342699
0.0	21.6	0.0	0.3013150000000184	1.0	6.5084040000003975	86.68159038858394
0.0	21.700000000000003	0.0	0.3013150000000184	1.0	6.5385355000004	86.73482402517111
0.0	21.8	0.0	0.3013150000000184	1.0	6.568667000000401	86.78763380658778
0.0	21.900000000000002	0.0	0.3013150000000184	1.0	6.598798500000403	86.84002477497005
0.0	22.0	0.0	0.3013150000000184	1.0	6.6289300000004046	86.89200189279563
0.0	22.1	0.0	0.3013150000000184	1.0	6.659061500000407	86.94357004445067
0.0	22.200000000000003	0.0	0.3013150000000184	1.0	6.689193000000409	86.99473403775993
0.0	22.3	0.0	0.3013150000000184	1.0	6.71932450000041	87.045498605481
0.0	22.400000000000002	0.0	0.3013150000000184	1.0	6.7494560000004125	87.0958684067637
0.0	22.5	0.0	0.3013150000000184	1.0	6.779587500000414	87.14584802857547
0.0	22.6	0.0	0.3013150000000184	1.0	6.809719000000416	87.19544198709394
0.0	22.700000000000003	0.0	0.3013150000000184	1.0	6.839850500000418	87.24465472906726
0.0	22.8	0.0	0.3013150000000184	1.0	6.8699820000004195	87.29349063314316
0.0	22.900000000000002	0.0	0.3013150000000184	1.0	6.900113500000422	87.34195401116773
0.0	23.0	0.0	0.3013150000000184	1.0	6.930245000000423	87.39004910945441
0.0	23.1	0.0	0.3013150000000184	1.0	6.960376500000425	87.43778011002436
0.0	23.200000000000003	0.0	0.3013150000000184	1.0	6.990508000000427	87.48515113181857
0.0	23.3	0.0	0.3013150000000184	1.0	7.020639500000429	87.53216623188281
0.0	23.400000000000002	0.0	0.3013150000000184	1.0	7.050771000000431	87.57882940652583
0.0	23.5	0.0	0.3013150000000184	1.0	7.080902500000432	87.6251445924518
0.0	23.6	0.0	0.3013150000000184	1.0	7.111034000000434	87.67111566786743
0.0	23.700000000000003	0.0	0.3013150000000184	1.0	7.141165500000437	87.71674645356434
0.0	23.8	0.0	0.3013150000000184	1.0	7.171297000000438	87.7620407139779
0.0	23.900000000000002	0.0	0.3013150000000184	1.0	7.20142850000044	87.80700215822225
0.0	24.0	0.0	0.3013150000000184	1.0	7.2315600000004405	87.85163444110295
0.1	0.0	0.0143666020972685	0.2873924445531719	1.0	0.0	0.0
0.1	0.1	0.0143666020972685	0.2873924445531719	1.0014376927003927	0.028759898609614625	2.7916876191724844
0.1	0.2	0.0143666020972685	0.2873924445531719	1.0028774523610864	0.057561145115527415	5.428050737920904
0.1	0.30000000000000004	0.0143666020972685	0.2873924445531719	1.0043192819537345	0.08640379896330413	7.921698960533511
0.1	0.4	0.0143666020972685	0.2873924445531719	1.0057631844542632	0.11528791968397568	10.283912950837191
0.1	0.5	0.0143666020972685	0.2873924445531719	1.007209162842877	0.14421356689416698	12.52481501099963
0.1	0.6000000000000001	0.0143666020972685	0.2873924445531719	1.0086572201040649	0.17318080029620345	14.65351404395926
0.1	0.7000000000000001	0.0143666020972685	0.2873924445531719	1.010107359226607	0.20218967967825335	16.678229277941917
0.1	0.8	0.0143666020972685	0.2873924445531719	1.0115595832035802	0.23124026491443866	18.6063962966046
0.1	0.9	0.0143666020972685	0.2873924445531719	1.0130138950323644	0.2603326159649595	20.44475825838318
0.1	1.0	0.0143666020972685	0.2873924445531719	1.014470297714649	0.28946679287622284	22.19944466377995
0.1	1.1	0.0143666020972685	0.2873924445531719	1.0159287942564388	0.3186428557809671	23.87603960956582
0.1	1.2000000000000002	0.0143666020972685	0.2873924445531719	1.0173893876680602	0.34786086489837315	25.47964113132044
0.1	1.3	0.0143666020972685	0.2873924445531719	1.0188520809641677	0.3771208805342061	27.014912962885884
0.1	1.4000000000000001	0.0143666020972685	0.2873924445531719	1.0203168771637499	0.4064229630809313	28.486129819661524
0.1	1.5	0.0143666020972685	0.2873924445531719	1.0217837792901359	0.4357671730178428	29.89721713177995
0.1	1.6	0.0143666020972685	0.2873924445531719	1.0232527903710011	0.465153570911179	31.251786004896864
0.1	1.7000000000000002	0.0143666020972685	0.2873924445531719	1.024723913438374	0.49458221741425573	32.55316406422304
0.1	1.8	0.0143666020972685	0.2873924445531719	1.0261971515286423	0.5240531732675908	33.804422736468254
0.1	1.9000000000000001	0.0143666020972685	0.2873924445531719	1.027672507682559	0.5535664992990329	35.008401440572186
0.1	2.0	0.0143666020972685	0.2873924445531719	1.0291499849452486	0.5831222564238723	36.16772908827682
0.1	2.1	0.0143666020972685	0.2873924445531719	1.0306295863662138	0.6127205056449877	37.28484323721395
0.1	2.2	0.0143666020972685	0.2873924445531719	1.0321113149993415	0.6423613080529529	38.362007190182155
0.1	2.3000000000000003	0.0143666020972685	0.2873924445531719	1.0335951739029088	0.6720447248261696	39.40132529304278
0.1	2.4000000000000004	0.0143666020972685	0.2873924445531719	1.0350811661395902	0.7017708172310058	40.40475664881498
0.1	2.5	0.0143666020972685	0.2873924445531719	1.0365692947764633	0.7315396466219061	41.37412743602456
0.1	2.6	0.0143666020972685	0.2873924445531719	1.0380595628850149	0.761351274441521	42.31114199427042
0.1	2.7	0.0143666020972685	0.2873924445531719	1.0395519735411476	0.7912057622208358	43.217392818582105
0.1	2.8000000000000003	0.0143666020972685	0.2873924445531719	1.0410465298251868	0.8211031715793078	44.09436958586116
0.1	2.9000000000000004	0.0143666020972685	0.2873924445531719	1.0425432348218857	0.8510435642249734	44.943467321030546
0.1	3.0	0.0143666020972685	0.2873924445531719	1.044042091620433	0.8810270019545898	45.76599379705614
0.1	3.1	0.0143666020972685	0.2873924445531719	1.0455431033144584	0.9110535466537644	46.563176251403725
0.1	3.2	0.0143666020972685	0.2873924445531719	1.0470462730020398	0.9411232602970737	47.33616749148147
0.1	3.3000000000000003	0.0143666020972685	0.2873924445531719	1.0485516037857083	0.9712362049481893	48.0860514529498
0.1	3.4000000000000004	0.0143666020972685	0.2873924445531719	1.0500590987724563	1.001392442760018	48.81384826725951
0.1	3.5	0.0143666020972685	0.2873924445531719	1.0515687610737425	1.0315920359748194	49.52051888823882
0.1	3.6	0.0143666020972685	0.2873924445531719	1.0530805938054995	1.0618350469243416	50.206969321854864
0.1	3.7	0.0143666020972685	0.2873924445531719	1.054594600088139	1.0921215380299432	50.87405449829763
0.1	3.8000000000000003	0.0143666020972685	0.2873924445531719	1.0561107830465593	1.1224515718027241	51.5225818211835
0.1	3.9000000000000004	0.0143666020972685	0.2873924445531719	1.0576291458101517	1.15282521084367	52.153314424859374
0.1	4.0	0.0143666020972685	0.2873924445531719	1.0591496915128056	1.1832425178437445	52.76697416743494
0.1	4.1000000000000005	0.0143666020972685	0.2873924445531719	1.0606724232929168	1.213703555584058	53.36424438422674
0.1	4.2	0.0143666020972685	0.2873924445531719	1.062197344293393	1.2442083869359781	53.945772423691665
0.1	4.3	0.0143666020972685	0.2873924445531719	1.0637244576616602	1.2747570748612604	54.51217198563726
0.1	4.4	0.0143666020972685	0.2873924445531719	1.0652537665496697	1.3053496824121793	55.064025279463216
0.1	4.5	0.0143666020972685	0.2873924445531719	1.0667852741139043	1.3359862727316634	55.60188501839
0.1	4.6000000000000005	0.0143666020972685	0.2873924445531719	1.0683189835153843	1.366666909053409	56.12627626403375
0.1	4.7	0.0143666020972685	0.2873924445531719	1.0698548979196756	1.3973916547020417	56.637698134268796
0.1	4.800000000000001	0.0143666020972685	0.2873924445531719	1.0713930204968942	1.428160573093213	57.13662538605331
0.1	4.9	0.0143666020972685	0.2873924445531719	1.0729333544217143	1.458973727733753	57.62350988377097
0.1	5.0	0.0143666020972685	0.2873924445531719	1.0744759028733746	1.4898311822218	58.098781962633176
0.1	5.1000000000000005	0.0143666020972685	0.2873924445531719	1.0760206690356835	1.520733000246912	58.56285169578849
0.1	5.2	0.0143666020972685	0.2873924445531719	1.077567656097028	1.5516792455902313	59.016110072982364
0.1	5.300000000000001	0.0143666020972685	0.2873924445531719	1.0791168672503781	1.582669982124585	59.458930097886125
0.1	5.4	0.0143666020972685	0.2873924445531719	1.0806683056932949	1.6137052738146345	59.8916678105693
0.1	5.5	0.0143666020972685	0.2873924445531719	1.082221974627936	1.644785184717	60.31466324100519
0.1	5.6000000000000005	0.0143666020972685	0.2873924445531719	1.0837778772610631	1.6759097789803945	60.728241298976975
0.1	5.7	0.0143666020972685	0.2873924445531719	1.0853360168040487	1.70707912084577	61.13271260527901
0.1	5.800000000000001	0.0143666020972685	0.2873924445531719	1.0868963964728813	1.7382932746464195	61.52837426868165
0.1	5.9	0.0143666020972685	0.2873924445531719	1.0884590194881736	1.7695523048081365	61.915510612745024
0.1	6.0	0.0143666020972685	0.2873924445531719	1.0900238890751686	1.800856275849341	62.29439385621739
0.1	6.1000000000000005	0.0143666020972685	0.2873924445531719	1.0915910084637457	1.8322052523812016	62.66528475043993
0.1	6.2	0.0143666020972685	0.2873924445531719	1.0931603808884285	1.8635992991077885	63.02843317689494
0.1	6.300000000000001	0.0143666020972685	0.2873924445531719	1.0947320095883906	1.8950384808261922	63.384078707774414
0.1	6.4	0.0143666020972685	0.2873924445531719	1.096305897807462	1.9265228624266533	63.732451132211864
0.1	6.5	0.0143666020972685	0.2873924445531719	1.0978820487941374	1.9580525088927205	64.07377095060693
0.1	6.6000000000000005	0.0143666020972685	0.2873924445531719	1.0994604658015812	1.9896274853013605	64.4082498392762
0.1	6.7	0.0143666020972685	0.2873924445531719	1.1010411520876346	2.021247856823096	64.73609108748862
0.1	6.800000000000001	0.0143666020972685	0.2873924445531719	1.1026241109148232	2.052913688722152	65.0574900087816
0.1	6.9	0.0143666020972685	0.2873924445531719	1.1042093455503625	2.084625046356581	65.37263432830584
0.1	7.0	0.0143666020972685	0.2873924445531719	1.1057968592661658	2.116381995178399	65.68170454781345
0.1	7.1000000000000005	0.0143666020972685	0.2873924445531719	1.10738665533885	2.1481846007337264	65.98487428978078
0.1	7.2	0.0143666020972685	0.2873924445531719	1.1089787370497433	2.1800329286629165	66.28231062204364
0.1	7.300000000000001	0.0143666020972685	0.2873924445531719	1.1105731076848906	2.2119270447006887	66.57417436422114
0.1	7.4	0.0143666020972685	0.2873924445531719	1.1121697705350617	2.2438670146762725	66.86062037710867
0.1	7.5	0.0143666020972685	0.2873924445531719	1.1137687288957574	2.2758529045135383	67.14179783613417
0.1	7.6000000000000005	0.0143666020972685	0.2873924445531719	1.1153699860672168	2.307884780231146	67.41785048989242
0.1	7.7	0.0143666020972685	0.2873924445531719	1.116973545354423	2.339962707942649	67.68891690469839
0.1	7.800000000000001	0.0143666020972685	0.2873924445531719	1.118579410067111	2.3720867538566663	67.95513069603477
0.1	7.9	0.0143666020972685	0.2873924445531719	1.120187583519774	2.4042569842770005	68.21662074770454
0.1	8.0	0.0143666020972685	0.2873924445531719	1.1217980690316711	2.4364734656027798	68.47351141944495
0.1	8.1	0.0143666020972685	0.2873924445531719	1.1234108699268328	2.468736264328596	68.72592274370493
0.1	8.200000000000001	0.0143666020972685	0.2873924445531719	1.1250259895340686	2.501045447044634	68.97397061224031
0.1	8.3	0.0143666020972685	0.2873924445531719	1.126643431186974	2.5334010804368168	69.21776695313646
0.1	8.4	0.0143666020972685	0.2873924445531719	1.1282631982239368	2.5658032312869414	69.45741989882605
0.1	8.5	0.0143666020972685	0.2873924445531719	1.1298852939881454	2.5982519664728265	69.69303394563217
0.1	8.6	0.0143666020972685	0.2873924445531719	1.1315097218275934	2.630747352968422	69.92471010533106
0.1	8.700000000000001	0.0143666020972685	0.2873924445531719	1.1331364850950885	2.6632894578439803	70.15254604919669
0.1	8.8	0.0143666020972685	0.2873924445531719	1.1347655871482585	2.6958783482661723	70.37663624495838
0.1	8.9	0.0143666020972685	0.2873924445531719	1.1363970313495584	2.7285140914982358	70.59707208707496
0.1	9.0	0.0143666020972685	0.2873924445531719	1.1380308210662777	2.7611967549001184	70.8139420207033
0.1	9.1	0.0143666020972685	0.2873924445531719	1.1396669596705469	2.7939264059286053	71.02733165971372
0.1	9.200000000000001	0.0143666020972685	0.2873924445531719	1.141305450539344	2.826703112137459	71.23732389908393
0.1	9.3	0.0143666020972685	0.2873924445531719	1.142946297054503	2.8595269411775734	71.44399902198094
0.1	9.4	0.0143666020972685	0.2873924445531719	1.1445895026027193	2.8923979607970973	71.64743480182166
0.1	9.5	0.0143666020972685	0.2873924445531719	1.1462350705755575	2.9253162388415834	71.84770659958487
0.1	9.600000000000001	0.0143666020972685	0.2873924445531719	1.1478830043694583	2.9582818432541247	72.04488745663026
0.1	9.700000000000001	0.0143666020972685	0.2873924445531719	1.1495333073857452	2.991294842075491	72.23904818326471
0.1	9.8	0.0143666020972685	0.2873924445531719	1.1511859830306324	3.024355303444287	72.43025744328136
0.1	9.9	0.0143666020972685	0.2873924445531719	1.1528410347152298	3.057463295597055	72.61858183468362
0.1	10.0	0.0143666020972685	0.2873924445531719	1.1544984658555533	3.0906188868684716	72.80408596679361
0.1	10.100000000000001	0.0143666020972685	0.2873924445531719	1.1561582798725287	3.123822145691439	72.98683253393189
0.1	10.200000000000001	0.0143666020972685	0.2873924445531719	1.157820480192	3.1570731405972383	73.16688238584611
0.1	10.3	0.0143666020972685	0.2873924445531719	1.1594850702447375	3.1903719402156994	73.34429459505371
0.1	10.4	0.0143666020972685	0.2873924445531719	1.1611520534664428	3.223718613275302	73.51912652125594
0.1	10.5	0.0143666020972685	0.2873924445531719	1.1628214332977576	3.2571132286033437	73.6914338729703
0.1	10.600000000000001	0.0143666020972685	0.2873924445531719	1.1644932131842702	3.2905558551260796	73.86127076652103
0.1	10.700000000000001	0.0143666020972685	0.2873924445531719	1.1661673965765222	3.3240465618688453	74.02868978251806
0.1	10.8	0.0143666020972685	0.2873924445531719	1.1678439869300163	3.357585417956225	74.19374201994931
0.1	10.9	0.0143666020972685	0.2873924445531719	1.1695229877052233	3.3911724926121836	74.35647714800224
0.1	11.0	0.0143666020972685	0.2873924445531719	1.1712044023675887	3.4248078551602013	74.51694345572561
0.1	11.100000000000001	0.0143666020972685	0.2873924445531719	1.1728882343875406	3.458491575023431	74.67518789963566
0.1	11.200000000000001	0.0143666020972685	0.2873924445531719	1.1745744872404962	3.492223721724828	74.83125614936517
0.1	11.3	0.0143666020972685	0.2873924445531719	1.1762631644068695	3.526004364887307	74.98519263144881
0.1	11.4	0.0143666020972685	0.2873924445531719	1.1779542693720784	3.559833574233878	75.13704057133273
0.1	11.5	0.0143666020972685	0.2873924445531719	1.1796478056265511	3.593711419587783	75.28684203369205
0.1	11.600000000000001	0.0143666020972685	0.2873924445531719	1.1813437766657349	3.62763797087266	75.43463796113518
0.1	11.700000000000001	0.0143666020972685	0.2873924445531719	1.1830421859901017	3.661613298112668	75.5804682113696
0.1	11.8	0.0143666020972685	0.2873924445531719	1.1847430371051564	3.6956374714326414	75.72437159290035
0.1	11.9	0.0143666020972685	0.2873924445531719	1.1864463335214437	3.7297105610582344	75.86638589932792
0.1	12.0	0.0143666020972685	0.2873924445531719	1.1881520787545554	3.7638326373160647	76.0065479423097
0.1	12.100000000000001	0.0143666020972685	0.2873924445531719	1.1898602763251374	3.7980037706338496	76.14489358324484
0.1	12.200000000000001	0.0143666020972685	0.2873924445531719	1.1915709297588974	3.832224031540572	76.28145776374038
0.1	12.3	0.0143666020972685	0.2873924445531719	1.193284042586612	3.8664934906666026	76.41627453491255
0.1	12.4	0.0143666020972685	0.2873924445531719	1.194999618344134	3.9008122187438667	76.54937708557512
0.1	12.5	0.0143666020972685	0.2873924445531719	1.1967176605723997	3.935180286605976	76.68079776936366
0.1	12.600000000000001	0.0143666020972685	0.2873924445531719	1.1984381728174358	3.9695977651883756	76.81056813084243
0.1	12.700000000000001	0.0143666020972685	0.2873924445531719	1.2001611586303675	4.004064725528499	76.93871893063798
0.1	12.8	0.0143666020972685	0.2873924445531719	1.2018866215674255	4.038581238765911	77.06528016964167
0.1	12.9	0.0143666020972685	0.2873924445531719	1.2036145651899528	4.073147376142444	77.190281112321
0.1	13.0	0.0143666020972685	0.2873924445531719	1.205344993064413	4.107763209002365	77.31375030917799
0.1	13.100000000000001	0.0143666020972685	0.2873924445531719	1.2070779087623966	4.142428808792506	77.4357156183904
0.1	13.200000000000001	0.0143666020972685	0.2873924445531719	1.2088133158606298	4.1771442470624205	77.55620422667077
0.1	13.3	0.0143666020972685	0.2873924445531719	1.2105512179409803	4.211909595464528	77.67524266937562
0.1	13.4	0.0143666020972685	0.2873924445531719	1.2122916185904657	4.2467249257542585	77.79285684989651
0.1	13.5	0.0143666020972685	0.2873924445531719	1.2140345214012607	4.281590309790208	77.90907205836221
0.1	13.600000000000001	0.0143666020972685	0.2873924445531719	1.2157799299707042	4.316505819534283	78.02391298968082
0.1	13.700000000000001	0.0143666020972685	0.2873924445531719	1.2175278479013072	4.3514715270518485	78.13740376094856
0.1	13.8	0.0143666020972685	0.2873924445531719	1.21927827880076	4.386487504511874	78.24956792825104
0.1	13.9	0.0143666020972685	0.2873924445531719	1.2210312262819394	4.421553824187095	78.36042850288199
0.1	14.0	0.0143666020972685	0.2873924445531719	1.2227866939629166	4.456670558454138	78.47000796700205
0.1	14.100000000000001	0.0143666020972685	0.2873924445531719	1.2245446854669646	4.4918377797937	78.5783282887611
0.1	14.200000000000001	0.0143666020972685	0.2873924445531719	1.2263052044225653	4.527055560790675	78.68541093690456
0.1	14.3	0.0143666020972685	0.2873924445531719	1.2280682544634174	4.562323974134313	78.79127689488453
0.1	14.4	0.0143666020972685	0.2873924445531719	1.2298338392284436	4.59764309261837	78.89594667449518
0.1	14.5	0.0143666020972685	0.2873924445531719	1.2316019623617984	4.633012989141255	78.99944032905094
0.1	14.600000000000001	0.0143666020972685	0.2873924445531719	1.2333726275128754	4.668433736706183	79.10177746612534
0.1	14.700000000000001	0.0143666020972685	0.2873924445531719	1.235145838336315	4.703905408421331	79.20297725986742
0.1	14.8	0.0143666020972685	0.2873924445531719	1.2369215984920117	4.739428077499973	79.30305846291196
0.1	14.9	0.0143666020972685	0.2873924445531719	1.238699911645122	4.775001817260652	79.40203941789926
0.1	15.0	0.0143666020972685	0.2873924445531719	1.2404807814660714	4.810626701127306	79.49993806861902
0.1	15.100000000000001	0.0143666020972685	0.2873924445531719	1.2422642116305629	4.84630280262945	79.59677197079279
0.1	15.200000000000001	0.0143666020972685	0.2873924445531719	1.2440502058195833	4.882030195402296	79.69255830250856
0.1	15.3	0.0143666020972685	0.2873924445531719	1.2458387677194123	4.917808953186941	79.78731387432029
0.1	15.4	0.0143666020972685	0.2873924445531719	1.247629901021629	4.953639149830482	79.88105513902525
0.1	15.5	0.0143666020972685	0.2873924445531719	1.2494236094231197	4.989520859286192	79.97379820113073
0.1	15.600000000000001	0.0143666020972685	0.2873924445531719	1.2512198966260857	5.0254541556136605	80.0655588260218
0.1	15.700000000000001	0.0143666020972685	0.2873924445531719	1.2530187663380514	5.061439112978965	80.15635244884109
0.1	15.8	0.0143666020972685	0.2873924445531719	1.2548202222718707	5.09747580565479	80.24619418309078
0.1	15.9	0.0143666020972685	0.2873924445531719	1.2566242681457362	5.133564308020625	80.3350988289673
0.1	16.0	0.0143666020972685	0.2873924445531719	1.2584309076831859	5.16970469456288	80.42308088143822
0.1	16.1	0.0143666020972685	0.2873924445531719	1.2602401446131108	5.205897039875059	80.51015453807038
0.1	16.2	0.0143666020972685	0.2873924445531719	1.2620519826697632	5.242141418657901	80.59633370661845
0.1	16.3	0.0143666020972685	0.2873924445531719	1.2638664255927636	5.278437905719547	80.6816320123823
0.1	16.400000000000002	0.0143666020972685	0.2873924445531719	1.2656834771271102	5.314786575975698	80.76606280534142
0.1	16.5	0.0143666020972685	0.2873924445531719	1.2675031410231834	5.351187504449736	80.849639167074
0.1	16.6	0.0143666020972685	0.2873924445531719	1.2693254210367575	5.387640766272935	80.93237391746862
0.1	16.7	0.0143666020972685	0.2873924445531719	1.2711503209290052	5.424146436684562	81.01427962123539
0.1	16.8	0.0143666020972685	0.2873924445531719	1.2729778444665067	5.46070459103206	81.09536859422367
0.1	16.900000000000002	0.0143666020972685	0.2873924445531719	1.2748079954212581	5.497315304771208	81.1756529095531
0.1	17.0	0.0143666020972685	0.2873924445531719	1.2766407775706776	5.533978653466249	81.25514440356407
0.1	17.1	0.0143666020972685	0.2873924445531719	1.2784761946976149	5.570694712790085	81.33385468159439
0.1	17.2	0.0143666020972685	0.2873924445531719	1.2803142505903575	5.607463558524395	81.41179512358705
0.1	17.3	0.0143666020972685	0.2873924445531719	1.2821549490426403	5.644285266559823	81.48897688953606
0.1	17.400000000000002	0.0143666020972685	0.2873924445531719	1.2839982938536516	5.681159912896111	81.56541092477468
0.1	17.5	0.0143666020972685	0.2873924445531719	1.2858442888280417	5.71808757364226	81.64110796511201
0.1	17.6	0.0143666020972685	0.2873924445531719	1.2876929377759316	5.755068325016709	81.71607854182285
0.1	17.7	0.0143666020972685	0.2873924445531719	1.2895442445129195	5.792102243347465	81.7903329864954
0.1	17.8	0.0143666020972685	0.2873924445531719	1.2913982128600894	5.829189405072272	81.86388143574197
0.1	17.900000000000002	0.0143666020972685	0.2873924445531719	1.2932548466440186	5.866329886738766	81.93673383577686
0.1	18.0	0.0143666020972685	0.2873924445531719	1.2951141496967864	5.903523765004645	82.00889994686582
0.1	18.1	0.0143666020972685	0.2873924445531719	1.296976125855981	5.940771116637808	82.08038934765143
0.1	18.2	0.0143666020972685	0.2873924445531719	1.2988407789647078	5.9780720185165155	82.1512114393582
0.1	18.3	0.0143666020972685	0.2873924445531719	1.300708112871598	6.015426547629578	82.2213754498814
0.1	18.400000000000002	0.0143666020972685	0.2873924445531719	1.3025781314308154	6.052834781076473	82.29089043776338
0.1	18.5	0.0143666020972685	0.2873924445531719	1.3044508385020648	6.090296796067527	82.35976529606084
0.1	18.6	0.0143666020972685	0.2873924445531719	1.3063262379506004	6.127812669924074	82.42800875610673
0.1	18.7	0.0143666020972685	0.2873924445531719	1.3082043336472335	6.165382480078613	82.49562939116984
0.1	18.8	0.0143666020972685	0.2873924445531719	1.3100851294683407	6.203006304074973	82.56263562001561
0.1	18.900000000000002	0.0143666020972685	0.2873924445531719	1.3119686292958705	6.2406842195684495	82.62903571037097
0.1	19.0	0.0143666020972685	0.2873924445531719	1.3138548370173535	6.278416304325995	82.69483778229653
0.1	19.1	0.0143666020972685	0.2873924445531719	1.3157437565259091	6.316202636226368	82.76004981146863
0.1	19.200000000000003	0.0143666020972685	0.2873924445531719	1.317635391720254	6.354043293260289	82.82467963237443
0.1	19.3	0.0143666020972685	0.2873924445531719	1.3195297465047093	6.391938353530605	82.88873494142229
0.1	19.400000000000002	0.0143666020972685	0.2873924445531719	1.3214268247892105	6.429887895252456	82.95222329997063
0.1	19.5	0.0143666020972685	0.2873924445531719	1.3233266304893132	6.467891996753421	83.015152137277
0.1	19.6	0.0143666020972685	0.2873924445531719	1.3252291675262031	6.5059507364737	83.0775287533706
0.1	19.700000000000003	0.0143666020972685	0.2873924445531719	1.3271344398267033	6.544064192966262	83.13936032184985
0.1	19.8	0.0143666020972685	0.2873924445531719	1.329042451323282	6.582232444897004	83.20065389260776
0.1	19.900000000000002	0.0143666020972685	0.2873924445531719	1.3309532059540616	6.620455571044939	83.26141639448718
0.1	20.0	0.0143666020972685	0.2873924445531719	1.3328667076628262	6.658733650302322	83.32165463786772
0.1	20.1	0.0143666020972685	0.2873924445531719	1.3347829603990298	6.69706676167484	83.38137531718682
0.1	20.200000000000003	0.0143666020972685	0.2873924445531719	1.3367019681178043	6.735454984281762	83.44058501339657
0.1	20.3	0.0143666020972685	0.2873924445531719	1.3386237347799679	6.773898397356103	83.49929019635843
0.1	20.400000000000002	0.0143666020972685	0.2873924445531719	1.3405482643520337	6.812397080244801	83.55749722717756
0.1	20.5	0.0143666020972685	0.2873924445531719	1.3424755608062169	6.850951112408864	83.61521236047832
0.1	20.6	0.0143666020972685	0.2873924445531719	1.3444056281204437	6.889560573423538	83.67244174662328
0.1	20.700000000000003	0.0143666020972685	0.2873924445531719	1.3463384702783596	6.928225542978482	83.72919143387658
0.1	20.8	0.0143666020972685	0.2873924445531719	1.348274091269337	6.966946100877916	83.78546737051386
0.1	20.900000000000002	0.0143666020972685	0.2873924445531719	1.3502124950884835	7.005722327040791	83.84127540687997
0.1	21.0	0.0143666020972685	0.2873924445531719	1.3521536857366514	7.044554301500973	83.89662129739625
0.1	21.1	0.0143666020972685	0.2873924445531719	1.3540976672204443	7.08344210440738	83.95151070251842
0.1	21.200000000000003	0.0143666020972685	0.2873924445531719	1.356044443552226	7.122385816024159	84.00594919064677
0.1	21.3	0.0143666020972685	0.2873924445531719	1.3579940187501294	7.161385516730854	84.05994223999014
0.1	21.400000000000002	0.0143666020972685	0.2873924445531719	1.3599463968380636	7.200441287022575	84.11349524038444
0.1	21.5	0.0143666020972685	0.2873924445531719	1.3619015818457232	7.23955320751015	84.16661349506774
0.1	21.6	0.0143666020972685	0.2873924445531719	1.3638595778085965	7.278721358920314	84.21930222241231
0.1	21.700000000000003	0.0143666020972685	0.2873924445531719	1.3658203887679725	7.317945822095839	84.27156655761569
0.1	21.8	0.0143666020972685	0.2873924445531719	1.367784018770952	7.3572266779957545	84.3234115543512
0.1	21.900000000000002	0.0143666020972685	0.2873924445531719	1.369750471870453	7.396564007695461	84.37484218637934
0.1	22.0	0.0143666020972685	0.2873924445531719	1.3717197521252207	7.435957892386928	84.42586334912124
0.1	22.1	0.0143666020972685	0.2873924445531719	1.3736918635998359	7.475408413378859	84.47647986119502
0.1	22.200000000000003	0.0143666020972685	0.2873924445531719	1.3756668103647225	7.514915652096848	84.52669646591596
0.1	22.3	0.0143666020972685	0.2873924445531719	1.3776445964961563	7.554479690083548	84.576517832762
0.1	22.400000000000002	0.0143666020972685	0.2873924445531719	1.3796252260762747	7.594100608998868	84.62594855880481
0.1	22.5	0.0143666020972685	0.2873924445531719	1.3816087031930824	7.633778490620092	84.67499317010795
0.1	22.6	0.0143666020972685	0.2873924445531719	1.3835950319404622	7.673513416842087	84.72365612309254
0.1	22.700000000000003	0.0143666020972685	0.2873924445531719	1.3855842164181829	7.713305469677465	84.7719418058717
0.1	22.8	0.0143666020972685	0.2873924445531719	1.3875762607319069	7.753154731256739	84.81985453955441
0.1	22.900000000000002	0.0143666020972685	0.2873924445531719	1.3895711689931995	7.7930612838285	84.8673985795195
0.1	23.0	0.0143666020972685	0.2873924445531719	1.3915689453195372	7.833025209759587	84.91457811666078
0.1	23.1	0.0143666020972685	0.2873924445531719	1.3935695938343167	7.873046591535271	84.96139727860397
0.1	23.200000000000003	0.0143666020972685	0.2873924445531719	1.3955731186668616	7.91312551175939	85.00786013089612
0.1	23.3	0.0143666020972685	0.2873924445531719	1.3975795239524333	7.953262053154553	85.05397067816837
0.1	23.400000000000002	0.0143666020972685	0.2873924445531719	1.3995888138322383	7.993456298562303	85.09973286527264
0.1	23.5	0.0143666020972685	0.2873924445531719	1.4016009924534365	8.033708330943275	85.1451505783929
0.1	23.6	0.0143666020972685	0.2873924445531719	1.40361606396915	8.07401823337737	85.19022764613186
0.1	23.700000000000003	0.0143666020972685	0.2873924445531719	1.4056340325384726	8.114386089063954	85.2349678405735
0.1	23.8	0.0143666020972685	0.2873924445531719	1.407654902326477	8.15481198132199	85.27937487832219
0.1	23.900000000000002	0.0143666020972685	0.2873924445531719	1.409678677504224	8.195295993590229	85.32345242151902
0.1	24.0	0.0143666020972685	0.2873924445531719	1.4117053622487712	8.235838209427387	85.36720407883577
0.2	0.0	0.0287332041945371	0.269052506846779	1.0	0.0	0.0
0.2	0.1	0.0287332041945371	0.269052506846779	1.0028774523610864	0.02694394143586907	2.6163703335513993
0.2	0.2	0.0287332041945371	0.269052506846779	1.0057631844542632	0.053965412779640384	5.092380532194804
0.2	0.30000000000000004	0.0287332041945371	0.269052506846779	1.0086572201040649	0.08106463711992967	7.439020937547981
0.2	0.4	0.0287332041945371	0.269052506846779	1.0115595832035804	0.10824183818728247	9.666163671487341
0.2	0.5	0.0287332041945371	0.269052506846779	1.0144702977146491	0.13549724035601207	11.782701325929626
0.2	0.6000000000000001	0.0287332041945371	0.269052506846779	1.0173893876680602	0.16283106864606456	13.796665510661663
0.2	0.7000000000000001	0.0287332041945371	0.269052506846779	1.0203168771637499	0.19024354872486718	15.715328591319023
0.2	0.8	0.0287332041945371	0.269052506846779	1.0232527903710011	0.21773490690919758	17.545291334184427
0.2	0.9	0.0287332041945371	0.269052506846779	1.0261971515286425	0.24530537016704473	19.292558684028663
0.2	1.0	0.0287332041945371	0.269052506846779	1.0291499849452488	0.27295516611948833	20.96260550818739
0.2	1.1	0.0287332041945371	0.269052506846779	1.0321113149993415	0.3006845230425786	22.56043382340764
0.2	1.2000000000000002	0.0287332041945371	0.269052506846779	1.0350811661395904	0.3284936698692198	24.090622765577155
0.2	1.3	0.0287332041945371	0.269052506846779	1.0380595628850149	0.3563828361910562	25.557372353794477
0.2	1.4000000000000001	0.0287332041945371	0.269052506846779	1.0410465298251868	0.3843522522603746	26.96454192966354
0.2	1.5	0.0287332041945371	0.269052506846779	1.0440420916204332	0.4124021489920004	28.315684012632413
0.2	1.6	0.0287332041945371	0.269052506846779	1.04704627300204	0.44053275796520425	29.614074196700916
0.2	1.7000000000000002	0.0287332041945371	0.269052506846779	1.0500590987724565	0.46874431142561696	30.86273761819419
0.2	1.8	0.0287332041945371	0.269052506846779	1.0530805938054997	0.4970370422871446	32.06447244481507
0.2	1.9000000000000001	0.0287332041945371	0.269052506846779	1.0561107830465595	0.5254111841338894	33.221870769876
0.2	2.0	0.0287332041945371	0.269052506846779	1.0591496915128058	0.5538669712220877	34.337337240087656
0.2	2.1	0.0287332041945371	0.269052506846779	1.0621973442933932	0.5824046384820271	35.41310569863017
0.2	2.2	0.0287332041945371	0.269052506846779	1.06525376654967	0.6110244215200045	36.45125408591234
0.2	2.3000000000000003	0.0287332041945371	0.269052506846779	1.0683189835153846	0.6397265566202586	37.453717807164274
0.2	2.4000000000000004	0.0287332041945371	0.269052506846779	1.0713930204968944	0.6685112807469255	38.42230174780425
0.2	2.5	0.0287332041945371	0.269052506846779	1.0744759028733748	0.6973788315459936	39.35869109351804
0.2	2.6	0.0287332041945371	0.269052506846779	1.0775676560970282	0.7263294473472661	40.26446109151345
0.2	2.7	0.0287332041945371	0.269052506846779	1.080668305693295	0.7553633671663327	41.14108587189298
0.2	2.8000000000000003	0.0287332041945371	0.269052506846779	1.0837778772610636	0.7844808307065334	41.98994643305789
0.2	2.9000000000000004	0.0287332041945371	0.269052506846779	1.0868963964728817	0.8136820783609471	42.81233788213291
0.2	3.0	0.0287332041945371	0.269052506846779	1.090023889075169	0.8429673512143706	43.609476010253616
0.2	3.1	0.0287332041945371	0.269052506846779	1.093160380888429	0.8723368910453103	44.38250327292841
0.2	3.2	0.0287332041945371	0.269052506846779	1.0963058978074625	0.9017909403279807	45.132494237341454
0.2	3.3000000000000003	0.0287332041945371	0.269052506846779	1.0994604658015816	0.9313297422343044	45.86046055121844
0.2	3.4000000000000004	0.0287332041945371	0.269052506846779	1.1026241109148236	0.9609535406359162	46.56735548157238
0.2	3.5	0.0287332041945371	0.269052506846779	1.1057968592661662	0.9906625801061822	47.2540780661501
0.2	3.6	0.0287332041945371	0.269052506846779	1.1089787370497437	1.0204571059222192	47.9214769155952
0.2	3.7	0.0287332041945371	0.269052506846779	1.1121697705350622	1.0503373640669122	48.57035370013864
0.2	3.8000000000000003	0.0287332041945371	0.269052506846779	1.1153699860672173	1.0803036012309537	49.20146635093848
0.2	3.9000000000000004	0.0287332041945371	0.269052506846779	1.1185794100671114	1.1103560648148758	49.81553200294704
0.2	4.0	0.0287332041945371	0.269052506846779	1.1217980690316716	1.1404950029310927	50.41322970332928
0.2	4.1000000000000005	0.0287332041945371	0.269052506846779	1.125025989534069	1.170720664405955	50.99520290693799
0.2	4.2	0.0287332041945371	0.269052506846779	1.1282631982239375	1.201033298781792	51.56206177812484
0.2	4.3	0.0287332041945371	0.269052506846779	1.1315097218275938	1.2314331563189838	52.114385316198735
0.2	4.4	0.0287332041945371	0.269052506846779	1.134765587148259	1.261920487998024	52.65272332009531
0.2	4.5	0.0287332041945371	0.269052506846779	1.1380308210662784	1.2924955455215874	53.17759820627161
0.2	4.6000000000000005	0.0287332041945371	0.269052506846779	1.1413054505393447	1.3231585813166122	53.68950669246157
0.2	4.7	0.0287332041945371	0.269052506846779	1.14458950260272	1.3539098485363827	54.188921358699396
0.2	4.800000000000001	0.0287332041945371	0.269052506846779	1.147883004369459	1.3847496010626223	54.67629209592271
0.2	4.9	0.0287332041945371	0.269052506846779	1.1511859830306328	1.4156780935075823	55.15204745148904
0.2	5.0	0.0287332041945371	0.269052506846779	1.154498465855554	1.4466955812161537	55.61659588006401
0.2	5.1000000000000005	0.0287332041945371	0.269052506846779	1.1578204801920007	1.477802320267967	56.07032690755527
0.2	5.2	0.0287332041945371	0.269052506846779	1.1611520534664435	1.5089985674795114	56.51361221506367
0.2	5.300000000000001	0.0287332041945371	0.269052506846779	1.164493213184271	1.5402845804062517	56.94680664919109
0.2	5.4	0.0287332041945371	0.269052506846779	1.167843986930017	1.5716606173447552	57.37024916447695
0.2	5.5	0.0287332041945371	0.269052506846779	1.1712044023675894	1.6031269373348298	57.78426370322388
0.2	5.6000000000000005	0.0287332041945371	0.269052506846779	1.1745744872404968	1.634683800161655	58.189160017511995
0.2	5.7	0.0287332041945371	0.269052506846779	1.177954269372079	1.6663314663579305	58.585234437785935
0.2	5.800000000000001	0.0287332041945371	0.269052506846779	1.1813437766657355	1.6980701972060241	58.97277059202225
0.2	5.9	0.0287332041945371	0.269052506846779	1.184743037105157	1.729900254740134	59.3520400791452
0.2	6.0	0.0287332041945371	0.269052506846779	1.188152078754556	1.7618219017484504	59.723303100051005
0.2	6.1000000000000005	0.0287332041945371	0.269052506846779	1.1915709297588981	1.7938354017753195	60.08680904932151
0.2	6.2	0.0287332041945371	0.269052506846779	1.194999618344135	1.8259410191234289	60.44279707045499
0.2	6.300000000000001	0.0287332041945371	0.269052506846779	1.1984381728174367	1.8581390188559803	60.791496577211745
0.2	6.4	0.0287332041945371	0.269052506846779	1.2018866215674262	1.8904296667988825	61.13312774346278
0.2	6.5	0.0287332041945371	0.269052506846779	1.2053449930644138	1.922813229542952	61.467901963739514
0.2	6.6000000000000005	0.0287332041945371	0.269052506846779	1.2088133158606307	1.9552899744460979	61.796022286508595
0.2	6.7	0.0287332041945371	0.269052506846779	1.2122916185904666	1.9878601696355467	62.117683822038515
0.2	6.800000000000001	0.0287332041945371	0.269052506846779	1.215779929970705	2.020524084010044	62.43307412657874
0.2	6.9	0.0287332041945371	0.269052506846779	1.2192782788007608	2.05328198724208	62.74237356444151
0.2	7.0	0.0287332041945371	0.269052506846779	1.2227866939629175	2.0861341497801162	63.045755649454954
0.2	7.1000000000000005	0.0287332041945371	0.269052506846779	1.2263052044225662	2.1190808428508134	63.34338736714548
0.2	7.2	0.0287332041945371	0.269052506846779	1.2298338392284445	2.152122338461277	63.63542947890687
0.2	7.300000000000001	0.0287332041945371	0.269052506846779	1.2333726275128765	2.1852589094012997	63.92203680931994
0.2	7.4	0.0287332041945371	0.269052506846779	1.2369215984920128	2.218490829245612	64.20335851770183
0.2	7.5	0.0287332041945371	0.269052506846779	1.2404807814660723	2.251818372356141	64.47953835488565
0.2	7.6000000000000005	0.0287332041945371	0.269052506846779	1.2440502058195844	2.2852418138842863	64.75071490615935
0.2	7.7	0.0287332041945371	0.269052506846779	1.2476299010216299	2.3187614297731693	65.01702182122607
0.2	7.800000000000001	0.0287332041945371	0.269052506846779	1.2512198966260866	2.3523774967599356	65.27858803198845
0.2	7.9	0.0287332041945371	0.269052506846779	1.2548202222718718	2.386090292378026	65.53553795890168
0.2	8.0	0.0287332041945371	0.269052506846779	1.258430907683187	2.4199000949594636	65.78799170658966
0.2	8.1	0.0287332041945371	0.269052506846779	1.262051982669764	2.453807183637166	66.0360652493707
0.2	8.200000000000001	0.0287332041945371	0.269052506846779	1.265683477127111	2.4878118383472443	66.279870607294
0.2	8.3	0.0287332041945371	0.269052506846779	1.2693254210367586	2.521914339831306	66.51951601324929
0.2	8.4	0.0287332041945371	0.269052506846779	1.2729778444665079	2.5561149696387804	66.75510607167266
0.2	8.5	0.0287332041945371	0.269052506846779	1.2766407775706787	2.590414010129246	66.98674190933798
0.2	8.6	0.0287332041945371	0.269052506846779	1.2803142505903586	2.624811744474752	67.21452131869022
0.2	8.700000000000001	0.0287332041945371	0.269052506846779	1.2839982938536527	2.65930845666217	67.43853889414784
0.2	8.8	0.0287332041945371	0.269052506846779	1.2876929377759327	2.6939044314955183	67.65888616177297
0.2	8.9	0.0287332041945371	0.269052506846779	1.2913982128600905	2.7285999545983364	67.87565170268337
0.2	9.0	0.0287332041945371	0.269052506846779	1.2951141496967877	2.763395312416027	68.08892127055518
0.2	9.1	0.0287332041945371	0.269052506846779	1.2988407789647092	2.7982907922182227	68.29877790354422
0.2	9.200000000000001	0.0287332041945371	0.269052506846779	1.3025781314308165	2.833286682101167	68.50530203093295
0.2	9.3	0.0287332041945371	0.269052506846779	1.3063262379506018	2.8683832709900843	68.70857157479021
0.2	9.4	0.0287332041945371	0.269052506846779	1.3100851294683418	2.903580848641564	68.90866204691437
0.2	9.5	0.0287332041945371	0.269052506846779	1.3138548370173546	2.938879705645962	69.1056466413128
0.2	9.600000000000001	0.0287332041945371	0.269052506846779	1.3176353917202552	2.9742801334297937	69.29959632245583
0.2	9.700000000000001	0.0287332041945371	0.269052506846779	1.3214268247892118	3.0097824242581335	69.49057990952846
0.2	9.8	0.0287332041945371	0.269052506846779	1.3252291675262045	3.045386871237041	69.67866415689069
0.2	9.9	0.0287332041945371	0.269052506846779	1.3290424513232832	3.0810937683159723	69.86391383094289
0.2	10.0	0.0287332041945371	0.269052506846779	1.3328667076628276	3.1169034102902113	70.0463917835835
0.2	10.100000000000001	0.0287332041945371	0.269052506846779	1.3367019681178056	3.1528160928033	70.22615902243287
0.2	10.200000000000001	0.0287332041945371	0.269052506846779	1.340548264352035	3.1888321123494774	70.40327477798897
0.2	10.3	0.0287332041945371	0.269052506846779	1.344405628120445	3.224951766276135	70.57779656786983
0.2	10.4	0.0287332041945371	0.269052506846779	1.3482740912693383	3.261175352786267	70.74978025828905
0.2	10.5	0.0287332041945371	0.269052506846779	1.352153685736653	3.2975031709409284	70.91928012290275
0.2	10.600000000000001	0.0287332041945371	0.269052506846779	1.3560444435522276	3.3339355206617127	71.0863488991577
0.2	10.700000000000001	0.0287332041945371	0.269052506846779	1.3599463968380652	3.3704727027332204	71.251037842264
0.2	10.8	0.0287332041945371	0.269052506846779	1.3638595778085978	3.407115018805546	71.41339677690804
0.2	10.9	0.0287332041945371	0.269052506846779	1.3677840187709536	3.4438627713967715	71.57347414681544
0.2	11.0	0.0287332041945371	0.269052506846779	1.3717197521252222	3.4807162638954536	71.73131706226754
0.2	11.100000000000001	0.0287332041945371	0.269052506846779	1.375666810364724	3.517675800563143	71.88697134566932
0.2	11.200000000000001	0.0287332041945371	0.269052506846779	1.3796252260762762	3.5547416865368793	72.04048157526148
0.2	11.3	0.0287332041945371	0.269052506846779	1.3835950319404637	3.591914227831726	72.19189112706397
0.2	11.4	0.0287332041945371	0.269052506846779	1.3875762607319084	3.6291937313432907	72.34124221513424
0.2	11.5	0.0287332041945371	0.269052506846779	1.391568945319539	3.6665805048502547	72.48857593021839
0.2	11.600000000000001	0.0287332041945371	0.269052506846779	1.3955731186668632	3.704074857016918	72.63393227686977
0.2	11.700000000000001	0.0287332041945371	0.269052506846779	1.39958881383224	3.7416770973957543	72.77735020910545
0.2	11.8	0.0287332041945371	0.269052506846779	1.4036160639691517	3.779387536429947	72.91886766466705
0.2	11.9	0.0287332041945371	0.269052506846779	1.4076549023264786	3.8172064854559777	73.05852159794965
0.2	12.0	0.0287332041945371	0.269052506846779	1.411705362248773	3.855134256706178	73.19634801165857
0.2	12.100000000000001	0.0287332041945371	0.269052506846779	1.415767477176534	3.8931711633113117	73.3323819872509
0.2	12.200000000000001	0.0287332041945371	0.269052506846779	1.419841280646485	3.931317519303165	73.46665771421614
0.2	12.3	0.0287332041945371	0.269052506846779	1.4239268062918493	3.9695736396171344	73.599208518247
0.2	12.4	0.0287332041945371	0.269052506846779	1.428024087842628	4.007939840094826	73.73006688834931
0.2	12.5	0.0287332041945371	0.269052506846779	1.4321331591258792	4.046416437486671	73.85926450293736
0.2	12.600000000000001	0.0287332041945371	0.269052506846779	1.4362540540659963	4.0850037494545255	73.98683225495834
0.2	12.700000000000001	0.0287332041945371	0.269052506846779	1.4403868066849883	4.123702094574309	74.11280027608848
0.2	12.8	0.0287332041945371	0.269052506846779	1.4445314511027618	4.162511792338629	74.23719796003994
0.2	12.9	0.0287332041945371	0.269052506846779	1.4486880215374012	4.201433163159415	74.36005398501665
0.2	13.0	0.0287332041945371	0.269052506846779	1.4528565523054515	4.240466528370563	74.4813963353553
0.2	13.100000000000001	0.0287332041945371	0.269052506846779	1.4570370778222028	4.279612210230601	74.60125232238545
0.2	13.200000000000001	0.0287332041945371	0.269052506846779	1.461229632601973	4.318870531925334	74.71964860454159
0.2	13.3	0.0287332041945371	0.269052506846779	1.4654342512583929	4.358241817570518	74.8366112067583
0.2	13.4	0.0287332041945371	0.269052506846779	1.4696509685046932	4.397726392214541	74.95216553917814
0.2	13.5	0.0287332041945371	0.269052506846779	1.4738798191539901	4.437324581841102	75.0663364152003
0.2	13.600000000000001	0.0287332041945371	0.269052506846779	1.4781208381195725	4.477036713371898	75.1791480688974
0.2	13.700000000000001	0.0287332041945371	0.269052506846779	1.4823740604151907	4.51686311466933	75.29062417182554
0.2	13.8	0.0287332041945371	0.269052506846779	1.4866395211553458	4.55680411453921	75.4007878492526
0.2	13.9	0.0287332041945371	0.269052506846779	1.4909172555555785	4.596860042733467	75.50966169582784
0.2	14.0	0.0287332041945371	0.269052506846779	1.4952072989327616	4.6370312299528855	75.61726779071539
0.2	14.100000000000001	0.0287332041945371	0.269052506846779	1.4995096867053894	4.6773180078498156	75.7236277122124
0.2	14.200000000000001	0.0287332041945371	0.269052506846779	1.5038244543938717	4.717720709030924	75.82876255187294
0.2	14.3	0.0287332041945371	0.269052506846779	1.5081516376208268	4.758239667059939	75.93269292815638
0.2	14.4	0.0287332041945371	0.269052506846779	1.5124912721113752	4.798875216460406	76.03543899961922
0.2	14.5	0.0287332041945371	0.269052506846779	1.516843393693435	4.839627692718441	76.13702047766778
0.2	14.600000000000001	0.0287332041945371	0.269052506846779	1.5212080382980164	4.880497432285502	76.2374566388891
0.2	14.700000000000001	0.0287332041945371	0.269052506846779	1.5255852419595208	4.921484772581178	76.336766336976
0.2	14.8	0.0287332041945371	0.269052506846779	1.529975040816036	4.962590051995963	76.43496801426156
0.2	14.9	0.0287332041945371	0.269052506846779	1.5343774711096352	5.003813609894051	76.53207971287847
0.2	15.0	0.0287332041945371	0.269052506846779	1.5387925691866775	5.045155786616148	76.6281190855568
0.2	15.100000000000001	0.0287332041945371	0.269052506846779	1.543220371498106	5.086616923482266	76.72310340607424
0.2	15.200000000000001	0.0287332041945371	0.269052506846779	1.54766091459975	5.128197362794551	76.81704957937143
0.2	15.3	0.0287332041945371	0.269052506846779	1.5521142351526263	5.169897447840111	76.90997415134508
0.2	15.4	0.0287332041945371	0.269052506846779	1.5565803699232421	5.211717522893844	77.00189331833079
0.2	15.5	0.0287332041945371	0.269052506846779	1.5610593557838985	5.253657933221279	77.09282293628671
0.2	15.600000000000001	0.0287332041945371	0.269052506846779	1.565551229712995	5.2957190250814365	77.18277852968933
0.2	15.700000000000001	0.0287332041945371	0.269052506846779	1.5700560287953345	5.337901145729678	77.27177530015175
0.2	15.8	0.0287332041945371	0.269052506846779	1.5745737902224297	5.380204643420575	77.35982813477428
0.2	15.9	0.0287332041945371	0.269052506846779	1.57910455129281	5.422629867410781	77.44695161423746
0.2	16.0	0.0287332041945371	0.269052506846779	1.58364834941233	5.465177167961931	77.53316002064624
0.2	16.1	0.0287332041945371	0.269052506846779	1.5882052220944771	5.507846896343509	77.61846734513443
0.2	16.2	0.0287332041945371	0.269052506846779	1.5927752069606826	5.550639404835765	77.70288729523811
0.2	16.3	0.0287332041945371	0.269052506846779	1.5973583417406316	5.593555046732619	77.7864333020457
0.2	16.400000000000002	0.0287332041945371	0.269052506846779	1.6019546642725744	5.636594176344577	77.86911852713294
0.2	16.5	0.0287332041945371	0.269052506846779	1.6065642125036388	5.679757149001653	77.95095586929018
0.2	16.6	0.0287332041945371	0.269052506846779	1.6111870244901445	5.723044321056317	78.03195797104901
0.2	16.7	0.0287332041945371	0.269052506846779	1.6158231383979154	5.766456049886411	78.11213722501547
0.2	16.8	0.0287332041945371	0.269052506846779	1.6204725925025967	5.809992693898129	78.19150578001631
0.2	16.900000000000002	0.0287332041945371	0.269052506846779	1.6251354251899692	5.853654612528952	78.27007554706475
0.2	17.0	0.0287332041945371	0.269052506846779	1.6298116749562674	5.897442166250628	78.3478582051519
0.2	17.1	0.0287332041945371	0.269052506846779	1.6345013804084965	5.9413557165721445	78.42486520686975
0.2	17.2	0.0287332041945371	0.269052506846779	1.639204580264752	5.9853956260427195	78.50110778387153
0.2	17.3	0.0287332041945371	0.269052506846779	1.6439213133545385	6.029562258254782	78.57659695217453
0.2	17.400000000000002	0.0287332041945371	0.269052506846779	1.648651618619091	6.073855977846986	78.65134351731119
0.2	17.5	0.0287332041945371	0.269052506846779	1.6533955351116953	6.118277150507209	78.72535807933315
0.2	17.6	0.0287332041945371	0.269052506846779	1.6581531019980125	6.1628261429755895	78.7986510376731
0.2	17.7	0.0287332041945371	0.269052506846779	1.6629243585563993	6.207503323047527	78.87123259586944
0.2	17.8	0.0287332041945371	0.269052506846779	1.6677093441782358	6.252309059576754	78.94311276615782
0.2	17.900000000000002	0.0287332041945371	0.269052506846779	1.6725080983682474	6.2972437224783455	79.01430137393433
0.2	18.0	0.0287332041945371	0.269052506846779	1.6773206607448332	6.342307682731796	79.08480806209418
0.2	18.1	0.0287332041945371	0.269052506846779	1.6821470710403927	6.387501312384081	79.15464229525017
0.2	18.2	0.0287332041945371	0.269052506846779	1.6869873691016524	6.4328249845527115	79.22381336383451
0.2	18.3	0.0287332041945371	0.269052506846779	1.6918415948899967	6.478279073428837	79.29233038808805
0.2	18.400000000000002	0.0287332041945371	0.269052506846779	1.6967097884817974	6.523863954280323	79.36020232194035
0.2	18.5	0.0287332041945371	0.269052506846779	1.7015919900687428	6.569580003454843	79.42743795678403
0.2	18.6	0.0287332041945371	0.269052506846779	1.706488239958172	6.615427598383001	79.49404592514685
0.2	18.7	0.0287332041945371	0.269052506846779	1.7113985785734058	6.661407117581433	79.56003470426461
0.2	18.8	0.0287332041945371	0.269052506846779	1.716323046454082	6.707518940655946	79.62541261955815
0.2	18.900000000000002	0.0287332041945371	0.269052506846779	1.7212616842564883	6.753763448304638	79.69018784801729
0.2	19.0	0.0287332041945371	0.269052506846779	1.7262145327538998	6.800141022321052	79.75436842149465
0.2	19.1	0.0287332041945371	0.269052506846779	1.7311816328369143	6.84665204559732	79.81796222991214
0.2	19.200000000000003	0.0287332041945371	0.269052506846779	1.7361630255137905	6.893296902127333	79.88097702438287
0.2	19.3	0.0287332041945371	0.269052506846779	1.741158751910786	6.940075977009897	79.94342042025097
0.2	19.400000000000002	0.0287332041945371	0.269052506846779	1.7461688532724982	6.986989656451935	80.0052999000519
0.2	19.5	0.0287332041945371	0.269052506846779	1.7511933709622027	7.034038327771648	80.06662281639551
0.2	19.6	0.0287332041945371	0.269052506846779	1.7562323464621967	7.081222379401736	80.1273963947746
0.2	19.700000000000003	0.0287332041945371	0.269052506846779	1.7612858213741407	7.128542200892593	80.18762773630071
0.2	19.8	0.0287332041945371	0.269052506846779	1.7663538374194019	7.175998182915526	80.24732382036953
0.2	19.900000000000002	0.0287332041945371	0.269052506846779	1.7714364364393984	7.223590717265977	80.3064915072582
0.2	20.0	0.0287332041945371	0.269052506846779	1.7765336603959454	7.271320196866765	80.36513754065642
0.2	20.1	0.0287332041945371	0.269052506846779	1.7816455513716014	7.319187015771326	80.42326855013307
0.2	20.200000000000003	0.0287332041945371	0.269052506846779	1.786772151570015	7.367191569166962	80.48089105354065
0.2	20.3	0.0287332041945371	0.269052506846779	1.7919135033162734	7.415334253378105	80.53801145935913
0.2	20.400000000000002	0.0287332041945371	0.269052506846779	1.7970696490572537	7.463615465869605	80.59463606898109
0.2	20.5	0.0287332041945371	0.269052506846779	1.80224063136197	7.51203560524998	80.65077107893967
0.2	20.6	0.0287332041945371	0.269052506846779	1.8074264929219288	7.5605950712747445	80.70642258308123
0.2	20.700000000000003	0.0287332041945371	0.269052506846779	1.8126272765514773	7.609294264849672	80.76159657468429
0.2	20.8	0.0287332041945371	0.269052506846779	1.8178430251881599	7.658133588034135	80.81629894852597
0.2	20.900000000000002	0.0287332041945371	0.269052506846779	1.8230737818930722	7.70711344404441	80.87053550289788
0.2	21.0	0.0287332041945371	0.269052506846779	1.828319589851215	7.7562342372570034	80.92431194157275
0.2	21.1	0.0287332041945371	0.269052506846779	1.833580492371853	7.805496373212009	80.97763387572293
0.2	21.200000000000003	0.0287332041945371	0.269052506846779	1.8388565328888706	7.85490025861643	81.03050682579254
0.2	21.3	0.0287332041945371	0.269052506846779	1.8441477549611307	7.904446301347551	81.08293622332428
0.2	21.400000000000002	0.0287332041945371	0.269052506846779	1.849454202272836	7.954134910456316	81.13492741274241
0.2	21.5	0.0287332041945371	0.269052506846779	1.8547759186338872	8.003966496170678	81.18648565309276
0.2	21.6	0.0287332041945371	0.269052506846779	1.8601129479802467	8.053941469899014	81.23761611974138
0.2	21.700000000000003	0.0287332041945371	0.269052506846779	1.8654653343743	8.104060244233496	81.28832390603282
0.2	21.8	0.0287332041945371	0.269052506846779	1.8708331220052201	8.154323232953521	81.33861402490895
0.2	21.900000000000002	0.0287332041945371	0.269052506846779	1.876216355189333	8.204730851029115	81.38849141048982
0.2	22.0	0.0287332041945371	0.269052506846779	1.8816150783704813	8.255283514624356	81.43796091961714
0.2	22.1	0.0287332041945371	0.269052506846779	1.8870293361203945	8.305981641100821	81.48702733336181
0.2	22.200000000000003	0.0287332041945371	0.269052506846779	1.8924591731390537	8.356825649021019	81.53569535849613
0.2	22.3	0.0287332041945371	0.269052506846779	1.897904634255062	8.407815958151849	81.58396962893204
0.2	22.400000000000002	0.0287332041945371	0.269052506846779	1.9033657644260165	8.458952989468086	81.63185470712583
0.2	22.5	0.0287332041945371	0.269052506846779	1.908842608738875	8.510237165155818	81.67935508545068
0.2	22.6	0.0287332041945371	0.269052506846779	1.914335212410333	8.56166890861597	81.72647518753753
0.2	22.700000000000003	0.0287332041945371	0.269052506846779	1.9198436207871943	8.61324864446778	81.77321936958538
0.2	22.8	0.0287332041945371	0.269052506846779	1.925367879346745	8.664976798552296	81.8195919216417
0.2	22.900000000000002	0.0287332041945371	0.269052506846779	1.9309080336971314	8.71685379793592	81.86559706885379
0.2	23.0	0.0287332041945371	0.269052506846779	1.9364641295777338	8.768880070913903	81.91123897269176
0.2	23.1	0.0287332041945371	0.269052506846779	1.9420362128595465	8.82105604701391	81.9565217321441
0.2	23.200000000000003	0.0287332041945371	0.269052506846779	1.9476243295455549	8.873382156999536	82.0014493848863
0.2	23.3	0.0287332041945371	0.269052506846779	1.953228525771115	8.925858832873887	82.04602590842335
0.2	23.400000000000002	0.0287332041945371	0.269052506846779	1.9588488478043367	8.978486507883135	82.09025522120683
0.2	23.5	0.0287332041945371	0.269052506846779	1.9644853420464625	9.031265616520095	82.13414118372722
0.2	23.6	0.0287332041945371	0.269052506846779	1.970138055032254	9.084196594527821	82.17768759958194
0.2	23.700000000000003	0.0287332041945371	0.269052506846779	1.975807033430373	9.137279878903188	82.22089821652006
0.2	23.8	0.0287332041945371	0.269052506846779	1.9814923240437683	9.190515907900513	82.26377672746374
0.2	23.900000000000002	0.0287332041945371	0.269052506846779	1.9871939738100628	9.243905121035175	82.30632677150778
0.2	24.0	0.0287332041945371	0.269052506846779	1.9929120298019392	9.297447959087226	82.348551934897
0.4	0.0	0.0574664083890743	0.231760681539775	1.0	0.0	0.0
0.4	0.1	0.0574664083890743	0.231760681539775	1.0057631844542632	0.023242788167937945	2.2587612498213865
0.4	0.2	0.0574664083890743	0.231760681539775	1.0115595832035804	0.04661952881132004	4.405636841815073
0.4	0.30000000000000004	0.0574664083890743	0.231760681539775	1.0173893876680602	0.0701309939229684	6.448706167728796
0.4	0.4	0.0574664083890743	0.231760681539775	1.0232527903710011	0.09377795994484549	8.39528902121354
0.4	0.5	0.0574664083890743	0.231760681539775	1.0291499849452488	0.11756120779369045	10.252032816815321
0.4	0.6000000000000001	0.0574664083890743	0.231760681539775	1.0350811661395904	0.14148152288680954	12.024988061102365
0.4	0.7000000000000001	0.0574664083890743	0.231760681539775	1.041046529825187	0.16553969516801528	13.719673881487246
0.4	0.8	0.0574664083890743	0.231760681539775	1.04704627300204	0.1897365191337086	15.341135107973203
0.4	0.9	0.0574664083890743	0.231760681539775	1.0530805938054997	0.21407279385912448	16.893992151468154
0.4	1.0	0.0574664083890743	0.231760681539775	1.0591496915128058	0.23854932302471224	18.38248471736167
0.4	1.1	0.0574664083890743	0.231760681539775	1.0652537665496702	0.26316691494268185	19.81051022534814
0.4	1.2000000000000002	0.0574664083890743	0.231760681539775	1.0713930204968947	0.28792638258369446	21.181657668622595
0.4	1.3	0.0574664083890743	0.231760681539775	1.0775676560970284	0.312828543603711	22.49923753179434
0.4	1.4000000000000001	0.0574664083890743	0.231760681539775	1.0837778772610636	0.33787422037099546	23.766308292568034
0.4	1.5	0.0574664083890743	0.231760681539775	1.090023889075169	0.3630642399932724	24.985699953796257
0.4	1.6	0.0574664083890743	0.231760681539775	1.0963058978074627	0.3883994343450392	26.160034987006075
0.4	1.7000000000000002	0.0574664083890743	0.231760681539775	1.1026241109148236	0.41388064009503883	27.29174701361336
0.4	1.8	0.0574664083890743	0.231760681539775	1.108978737049744	0.43950869873389414	28.383097503886002
0.4	1.9000000000000001	0.0574664083890743	0.231760681539775	1.1153699860672175	0.46528445660188905	29.436190734782347
0.4	2.0	0.0574664083890743	0.231760681539775	1.1217980690316718	0.4912087649169253	30.45298721484394
0.4	2.1	0.0574664083890743	0.231760681539775	1.1282631982239377	0.5172824798026309	31.43531575635052
0.4	2.2	0.0574664083890743	0.231760681539775	1.1347655871482591	0.54350646231663	32.38488435113514
0.4	2.3000000000000003	0.0574664083890743	0.231760681539775	1.141305450539345	0.5698815784789834	33.303289986128064
0.4	2.4000000000000004	0.0574664083890743	0.231760681539775	1.1478830043694592	0.5964086993007828	34.19202751729269
0.4	2.5	0.0574664083890743	0.231760681539775	1.1544984658555542	0.6230887008129182	35.05249770567943
0.4	2.6	0.0574664083890743	0.231760681539775	1.1611520534664437	0.6499224640950088	35.88601450646583
0.4	2.7	0.0574664083890743	0.231760681539775	1.1678439869300175	0.6769108753044962	36.69381169076134
0.4	2.8000000000000003	0.0574664083890743	0.231760681539775	1.1745744872404973	0.7040548257059109	37.47704887036411
0.4	2.9000000000000004	0.0574664083890743	0.231760681539775	1.1813437766657358	0.7313552117003058	38.23681698734413
0.4	3.0	0.0574664083890743	0.231760681539775	1.1881520787545565	0.7588129348548605	38.97414332310579
0.4	3.1	0.0574664083890743	0.231760681539775	1.1949996183441354	0.7864289019326482	39.68999607529586
0.4	3.2	0.0574664083890743	0.231760681539775	1.2018866215674266	0.8142040249225874	40.385288545438435
0.4	3.3000000000000003	0.0574664083890743	0.231760681539775	1.2088133158606311	0.8421392210695585	41.060882975383215
0.4	3.4000000000000004	0.0574664083890743	0.231760681539775	1.2157799299707055	0.8702354129046902	41.71759406645324
0.4	3.5	0.0574664083890743	0.231760681539775	1.222786693962918	0.8984935282758304	42.35619221149301
0.4	3.6	0.0574664083890743	0.231760681539775	1.229833839228445	0.9269145003781838	42.97740646677603
0.4	3.7	0.0574664083890743	0.231760681539775	1.2369215984920132	0.9554992677851329	43.58192728787627
0.4	3.8000000000000003	0.0574664083890743	0.231760681539775	1.2440502058195848	0.9842487744792303	44.17040905108894
0.4	3.9000000000000004	0.0574664083890743	0.231760681539775	1.2512198966260872	1.013163969883375	44.74347237975878
0.4	4.0	0.0574664083890743	0.231760681539775	1.2584309076831874	1.0422458088921642	45.30170629290274
0.4	4.1000000000000005	0.0574664083890743	0.231760681539775	1.2656834771271117	1.0714952519034315	45.84567019176516
0.4	4.2	0.0574664083890743	0.231760681539775	1.2729778444665085	1.1009132648499567	46.375895698389975
0.4	4.3	0.0574664083890743	0.231760681539775	1.2803142505903593	1.1305008192313697	46.89288835891365
0.4	4.4	0.0574664083890743	0.231760681539775	1.2876929377759334	1.1602588921462342	47.39712922305029
0.4	4.5	0.0574664083890743	0.231760681539775	1.2951141496967882	1.1901884663243103	47.88907631014245
0.4	4.6000000000000005	0.0574664083890743	0.231760681539775	1.3025781314308171	1.2202905301590126	48.3691659711697
0.4	4.7	0.0574664083890743	0.231760681539775	1.3100851294683424	1.2505660777400476	48.837814155228465
0.4	4.800000000000001	0.0574664083890743	0.231760681539775	1.317635391720256	1.2810161088862466	49.29541758820945
0.4	4.9	0.0574664083890743	0.231760681539775	1.3252291675262051	1.3116416291785788	49.74235487069358
0.4	5.0	0.0574664083890743	0.231760681539775	1.3328667076628282	1.342443649993363	50.17898750145244
0.4	5.1000000000000005	0.0574664083890743	0.231760681539775	1.3405482643520357	1.3734231885356674	50.60566083236896
0.4	5.2	0.0574664083890743	0.231760681539775	1.348274091269339	1.4045812678728993	51.02270496008016
0.4	5.300000000000001	0.0574664083890743	0.231760681539775	1.3560444435522283	1.4359189169685922	51.43043555918055
0.4	5.4	0.0574664083890743	0.231760681539775	1.3638595778085985	1.467437170716386	51.82915466140645
0.4	5.5	0.0574664083890743	0.231760681539775	1.371719752125223	1.4991370699742046	52.21915138484341
0.4	5.6000000000000005	0.0574664083890743	0.231760681539775	1.379625226076277	1.5310196615986282	52.600702616857
0.4	5.7	0.0574664083890743	0.231760681539775	1.387576260731909	1.563085998479463	52.97407365413727
0.4	5.800000000000001	0.0574664083890743	0.231760681539775	1.395573118666864	1.595337139574515	53.33951880296653
0.4	5.9	0.0574664083890743	0.231760681539775	1.4036160639691526	1.627774149944558	53.697281942564615
0.4	6.0	0.0574664083890743	0.231760681539775	1.4117053622487736	1.6603981007885078	54.0475970541347
0.4	6.1000000000000005	0.0574664083890743	0.231760681539775	1.419841280646486	1.693210069478799	54.390688718021174
0.4	6.2	0.0574664083890743	0.231760681539775	1.428024087842629	1.726211139596959	54.72677258119997
0.4	6.300000000000001	0.0574664083890743	0.231760681539775	1.4362540540659972	1.7594024009693994	55.05605579714642
0.4	6.4	0.0574664083890743	0.231760681539775	1.4445314511027627	1.7927849497033972	55.378737439965896
0.4	6.5	0.0574664083890743	0.231760681539775	1.4528565523054526	1.8263598882233039	55.695008894527646
0.4	6.6000000000000005	0.0574664083890743	0.231760681539775	1.4612296326019738	1.8601283253069403	56.005054224208166
0.4	6.7	0.0574664083890743	0.231760681539775	1.4696509685046941	1.8940913761222213	56.30905051772928
0.4	6.800000000000001	0.0574664083890743	0.231760681539775	1.4781208381195734	1.9282501622639818	56.607168216464444
0.4	6.9	0.0574664083890743	0.231760681539775	1.4866395211553467	1.9626058117910106	56.899571423484275
0.4	7.0	0.0574664083890743	0.231760681539775	1.4952072989327625	1.9971594592633095	57.18641819551941
0.4	7.1000000000000005	0.0574664083890743	0.231760681539775	1.5038244543938728	2.031912245779559	57.46786081893178
0.4	7.2	0.0574664083890743	0.231760681539775	1.5124912721113764	2.0668653190148008	57.74404607070738
0.4	7.300000000000001	0.0574664083890743	0.231760681539775	1.5212080382980175	2.1020198332583413	58.01511546541008
0.4	7.4	0.0574664083890743	0.231760681539775	1.5299750408160369	2.1373769494518666	58.28120548896997
0.4	7.5	0.0574664083890743	0.231760681539775	1.5387925691866786	2.1729378352277866	58.54244782011782
0.4	7.6000000000000005	0.0574664083890743	0.231760681539775	1.547660914599751	2.2087036649477896	58.798969540220476
0.4	7.7	0.0574664083890743	0.231760681539775	1.5565803699232432	2.24467561974163	59.050893332220056
0.4	7.800000000000001	0.0574664083890743	0.231760681539775	1.5655512297129963	2.280854887546127	59.29833766933122
0.4	7.9	0.0574664083890743	0.231760681539775	1.5745737902224308	2.317242663144401	59.54141699410674
0.4	8.0	0.0574664083890743	0.231760681539775	1.583648349412331	2.3538401482053284	59.78024188843973
0.4	8.1	0.0574664083890743	0.231760681539775	1.5927752069606838	2.390648551323224	60.01491923503352
0.4	8.200000000000001	0.0574664083890743	0.231760681539775	1.6019546642725757	2.427669088057756	60.24555237083449
0.4	8.3	0.0574664083890743	0.231760681539775	1.6111870244901458	2.464902980974084	60.47224123289088
0.4	8.4	0.0574664083890743	0.231760681539775	1.620472592502598	2.502351459683239	60.69508249707002
0.4	8.5	0.0574664083890743	0.231760681539775	1.6298116749562688	2.5400157608827274	60.91416971003884
0.4	8.6	0.0574664083890743	0.231760681539775	1.6392045802647532	2.5778971283973675	61.12959341488607
0.4	8.700000000000001	0.0574664083890743	0.231760681539775	1.6486516186190923	2.615996813220376	61.3414412707408
0.4	8.8	0.0574664083890743	0.231760681539775	1.6581531019980138	2.654316073554668	61.54979816671949
0.4	8.9	0.0574664083890743	0.231760681539775	1.6677093441782371	2.6928561748544175	61.754746330512646
0.4	9.0	0.0574664083890743	0.231760681539775	1.6773206607448348	2.7316183898668442	61.95636543190295
0.4	9.1	0.0574664083890743	0.231760681539775	1.6869873691016537	2.7706039986742415	62.154732681489115
0.4	9.200000000000001	0.0574664083890743	0.231760681539775	1.696709788481799	2.8098142887362596	62.34992292487203
0.4	9.3	0.0574664083890743	0.231760681539775	1.7064882399581736	2.8492505549324094	62.542008732545014
0.4	9.4	0.0574664083890743	0.231760681539775	1.7163230464540835	2.888914099604835	62.73106048571499
0.4	9.5	0.0574664083890743	0.231760681539775	1.7262145327539014	2.928806232601317	62.9171464582677
0.4	9.600000000000001	0.0574664083890743	0.231760681539775	1.736163025513792	2.9689282713185334	63.10033289507786
0.4	9.700000000000001	0.0574664083890743	0.231760681539775	1.7461688532724997	3.0092815407455573	63.28068408685267
0.4	9.8	0.0574664083890743	0.231760681539775	1.7562323464621985	3.0498673735076216	63.45826244168677
0.4	9.9	0.0574664083890743	0.231760681539775	1.7663538374194037	3.0906871099101236	63.63312855349571
0.4	10.0	0.0574664083890743	0.231760681539775	1.7765336603959472	3.1317420979828867	63.80534126748569
0.4	10.100000000000001	0.0574664083890743	0.231760681539775	1.7867721515700168	3.1730336935246832	63.974957742808556
0.4	10.200000000000001	0.0574664083890743	0.231760681539775	1.7970696490572555	3.214563260147996	64.1420335125416
0.4	10.3	0.0574664083890743	0.231760681539775	1.8074264929219306	3.2563321693240646	64.30662254112524
0.4	10.4	0.0574664083890743	0.231760681539775	1.8178430251881617	3.2983418004281684	64.46877727938275
0.4	10.5	0.0574664083890743	0.231760681539775	1.828319589851217	3.3405935407851812	64.62854871724042
0.4	10.600000000000001	0.0574664083890743	0.231760681539775	1.8388565328888726	3.3830887857153855	64.78598643425916
0.4	10.700000000000001	0.0574664083890743	0.231760681539775	1.8494542022728382	3.4258289385805507	64.94113864808307
0.4	10.8	0.0574664083890743	0.231760681539775	1.8601129479802487	3.468815410830281	65.09405226090439
0.4	10.9	0.0574664083890743	0.231760681539775	1.8708331220052221	3.512049622048625	65.24477290403881
0.4	11.0	0.0574664083890743	0.231760681539775	1.8816150783704833	3.555533000000954	65.39334498070036
0.4	11.100000000000001	0.0574664083890743	0.231760681539775	1.8924591731390554	3.599266980681118	65.53981170706015
0.4	11.200000000000001	0.0574664083890743	0.231760681539775	1.9033657644260182	3.643253008358861	65.68421515166861
0.4	11.3	0.0574664083890743	0.231760681539775	1.9143352124103352	3.687492535627521	65.82659627331692
0.4	11.4	0.0574664083890743	0.231760681539775	1.925367879346747	3.7319870234519987	65.96699495740934
0.4	11.5	0.0574664083890743	0.231760681539775	1.936464129577736	3.776737941217008	66.10545005091407
0.4	11.600000000000001	0.0574664083890743	0.231760681539775	1.947624329545557	3.821746766775595	66.24199939595734
0.4	11.700000000000001	0.0574664083890743	0.231760681539775	1.9588488478043389	3.8670149864979457	66.37667986212153
0.4	11.8	0.0574664083890743	0.231760681539775	1.9701380550322563	3.9125440953204715	66.5095273775054
0.4	11.9	0.0574664083890743	0.231760681539775	1.9814923240437705	3.9583355967951803	66.6405769586015
0.4	12.0	0.0574664083890743	0.231760681539775	1.9929120298019414	4.004391003139324	66.76986273904264
0.4	12.100000000000001	0.0574664083890743	0.231760681539775	2.00439754943081	4.050711835285347	66.89741799726762
0.4	12.200000000000001	0.0574664083890743	0.231760681539775	2.015949262227853	4.097299622931102	67.02327518315272
0.4	12.3	0.0574664083890743	0.231760681539775	2.027567549676508	4.1441559045903755	67.14746594365423
0.4	12.4	0.0574664083890743	0.231760681539775	2.0392527954587725	4.1912822276436925	67.27002114750434
0.4	12.5	0.0574664083890743	0.231760681539775	2.051005385467873	4.238680148389416	67.39097090900108
0.4	12.600000000000001	0.0574664083890743	0.231760681539775	2.062825707821012	4.286351232095148	67.51034461093076
0.4	12.700000000000001	0.0574664083890743	0.231760681539775	2.074714152872181	4.334297053049409	67.62817092665942
0.4	12.8	0.0574664083890743	0.231760681539775	2.0866711132250537	4.382519194613641	67.74447784142875
0.4	12.9	0.0574664083890743	0.231760681539775	2.098696983745952	4.431019249274485	67.85929267288905
0.4	13.0	0.0574664083890743	0.231760681539775	2.110792161576886	4.479798818696384	67.97264209090146
0.4	13.100000000000001	0.0574664083890743	0.231760681539775	2.1229570461486666	4.528859513774459	68.08455213663918
0.4	13.200000000000001	0.0574664083890743	0.231760681539775	2.135192039194099	4.5782029546877245	68.1950482410169
0.4	13.3	0.0574664083890743	0.231760681539775	2.1474975447612494	4.627830770952582	68.30415524247559
0.4	13.4	0.0574664083890743	0.231760681539775	2.1598739692267857	4.677744601476634	68.41189740414859
0.4	13.5	0.0574664083890743	0.231760681539775	2.1723217213094013	4.7279460946128165	68.5182984304346
0.4	13.600000000000001	0.0574664083890743	0.231760681539775	2.18484121208331	4.7784369082138225	68.62338148300071
0.4	13.700000000000001	0.0574664083890743	0.231760681539775	2.1974328549918223	4.829218709686856	68.7271691962385
0.4	13.8	0.0574664083890743	0.231760681539775	2.2100970658609986	4.880293176048699	68.82968369219492
0.4	13.9	0.0574664083890743	0.231760681539775	2.2228342629133815	4.931661993981089	68.93094659499843
0.4	14.0	0.0574664083890743	0.231760681539775	2.2356448667818074	4.983326859886419	69.03097904480055
0.4	14.100000000000001	0.0574664083890743	0.231760681539775	2.248529300523298	5.035289479943767	69.12980171125133
0.4	14.200000000000001	0.0574664083890743	0.231760681539775	2.261487989633029	5.087551570165233	69.22743480652717
0.4	14.3	0.0574664083890743	0.231760681539775	2.274521362058385	5.140114856452609	69.32389809792781
0.4	14.4	0.0574664083890743	0.231760681539775	2.28762984821309	5.1929810746543845	69.41921092005954
0.4	14.5	0.0574664083890743	0.231760681539775	2.30081388099142	5.246151970623053	69.51339218661998
0.4	14.600000000000001	0.0574664083890743	0.231760681539775	2.314073895782503	5.299629300272788	69.60646040179975
0.4	14.700000000000001	0.0574664083890743	0.231760681539775	2.327410330484693	5.353414829637416	69.69843367131544
0.4	14.8	0.0574664083890743	0.231760681539775	2.340823625520034	5.407510334928744	69.78932971308771
0.4	14.9	0.0574664083890743	0.231760681539775	2.354314223848803	5.461917602595212	69.87916586757771
0.4	15.0	0.0574664083890743	0.231760681539775	2.367882570984139	5.516638429380891	69.96795910779473
0.4	15.100000000000001	0.0574664083890743	0.231760681539775	2.381529115006756	5.571674622384831	70.05572604898681
0.4	15.200000000000001	0.0574664083890743	0.231760681539775	2.395254306579738	5.627027999120709	70.14248295802646
0.4	15.3	0.0574664083890743	0.231760681539775	2.4090585989634254	5.682700387576884	70.22824576250218
0.4	15.4	0.0574664083890743	0.231760681539775	2.4229424480303807	5.738693626276741	70.3130300595267
0.4	15.5	0.0574664083890743	0.231760681539775	2.4369063122804437	5.795009564339416	70.39685112427227
0.4	15.600000000000001	0.0574664083890743	0.231760681539775	2.450950652855875	5.851650061540864	70.47972391824266
0.4	15.700000000000001	0.0574664083890743	0.231760681539775	2.46507593355658	5.908616988375263	70.56166309729116
0.4	15.8	0.0574664083890743	0.231760681539775	2.4792826208554315	5.9659122261168	70.64268301939411
0.4	15.9	0.0574664083890743	0.231760681539775	2.4935711839136707	6.023537666881794	70.72279775218817
0.4	16.0	0.0574664083890743	0.231760681539775	2.507942094596401	6.081495213691174	70.80202108027966
0.4	16.1	0.0574664083890743	0.231760681539775	2.5223958274881713	6.139786780533334	70.88036651233446
0.4	16.2	0.0574664083890743	0.231760681539775	2.5369328599086494	6.198414292427333	70.95784728795546
0.4	16.3	0.0574664083890743	0.231760681539775	2.5515536719283847	6.257379685486472	71.03447638435553
0.4	16.400000000000002	0.0574664083890743	0.231760681539775	2.5662587463846607	6.316684906982228	71.1102665228325
0.4	16.5	0.0574664083890743	0.231760681539775	2.5810485688974416	6.376331915408565	71.18523017505363
0.4	16.6	0.0574664083890743	0.231760681539775	2.59592362788541	6.436322680546609	71.25937956915551
0.4	16.7	0.0574664083890743	0.231760681539775	2.6108844145820935	6.496659183529695	71.33272669566585
0.4	16.8	0.0574664083890743	0.231760681539775	2.6259314230520916	6.5573434169088	71.40528331325349
0.4	16.900000000000002	0.0574664083890743	0.231760681539775	2.6410651502073863	6.618377384718331	71.47706095431182
0.4	17.0	0.0574664083890743	0.231760681539775	2.656286095823758	6.679763102542325	71.548070930382
0.4	17.1	0.0574664083890743	0.231760681539775	2.671594762557285	6.741502597580997	71.61832433742045
0.4	17.2	0.0574664083890743	0.231760681539775	2.686991655960946	6.803597908717687	71.68783206091653
0.4	17.3	0.0574664083890743	0.231760681539775	2.7024772845013154	6.866051086586206	71.75660478086493
0.4	17.400000000000002	0.0574664083890743	0.231760681539775	2.718052159575353	6.928864193638537	71.82465297659778
0.4	17.5	0.0574664083890743	0.231760681539775	2.7337167955272945	6.9920393042129545	71.89198693148079
0.4	17.6	0.0574664083890743	0.231760681539775	2.749471709665636	7.05557850460253	71.95861673747837
0.4	17.7	0.0574664083890743	0.231760681539775	2.765317422280217	7.119483893124026	72.02455229959138
0.4	17.8	0.0574664083890743	0.231760681539775	2.781254456659406	7.183757580187195	72.08980334017211
0.4	17.900000000000002	0.0574664083890743	0.231760681539775	2.7972833391073753	7.248401688364463	72.15437940312015
0.4	18.0	0.0574664083890743	0.231760681539775	2.813404598961489	7.31341835246104	72.21828985796294
0.4	18.1	0.0574664083890743	0.231760681539775	2.8296187686097762	7.378809719585404	72.28154390382525
0.4	18.2	0.0574664083890743	0.231760681539775	2.845926383508519	7.444577949220221	72.3441505732901
0.4	18.3	0.0574664083890743	0.231760681539775	2.8623279821999335	7.510725213293659	72.40611873615546
0.4	18.400000000000002	0.0574664083890743	0.231760681539775	2.878824106329951	7.577253696251095	72.46745710308961
0.4	18.5	0.0574664083890743	0.231760681539775	2.8954153006661096	7.644165595127275	72.52817422918832
0.4	18.6	0.0574664083890743	0.231760681539775	2.9121021131155445	7.711463119618863	72.58827851743708
0.4	18.7	0.0574664083890743	0.231760681539775	2.928885094743079	7.779148492157414	72.64777822208099
0.4	18.8	0.0574664083890743	0.231760681539775	2.945764799789426	7.8472239479827595	72.7066814519058
0.4	18.900000000000002	0.0574664083890743	0.231760681539775	2.9627417856894884	7.915691735216836	72.76499617343204
0.4	19.0	0.0574664083890743	0.231760681539775	2.9798166130907697	7.9845541149379144	72.82273021402553
0.4	19.1	0.0574664083890743	0.231760681539775	2.99698984587189	8.053813361255287	72.8798912649264
0.4	19.200000000000003	0.0574664083890743	0.231760681539775	3.014262051161204	8.123471761384351	72.93648688419958
0.4	19.3	0.0574664083890743	0.231760681539775	3.0316337993555313	8.193531615722142	72.99252449960842
0.4	19.400000000000002	0.0574664083890743	0.231760681539775	3.0491056641389966	8.263995237923327	73.04801141141454
0.4	19.5	0.0574664083890743	0.231760681539775	3.066678222501968	8.334864954976569	73.10295479510549
0.4	19.6	0.0574664083890743	0.231760681539775	3.0843520547601195	8.406143107281414	73.15736170405282
0.4	19.700000000000003	0.0574664083890743	0.231760681539775	3.102127744573588	8.477832048725547	73.21123907210225
0.4	19.8	0.0574664083890743	0.231760681539775	3.1200058789662526	8.549934146762554	73.26459371609836
0.4	19.900000000000002	0.0574664083890743	0.231760681539775	3.137987048345121	8.62245178249009	73.31743233834528
0.4	20.0	0.0574664083890743	0.231760681539775	3.156071846519823	8.69538735072851	73.36976152900566
0.4	20.1	0.0574664083890743	0.231760681539775	3.174260870722224	8.768743260099964	73.42158776843947
0.4	20.200000000000003	0.0574664083890743	0.231760681539775	3.1925547216261467	8.842521933107937	73.47291742948448
0.4	20.3	0.0574664083890743	0.231760681539775	3.210954003367207	8.916725806217244	73.52375677968011
0.4	20.400000000000002	0.0574664083890743	0.231760681539775	3.2294593235627675	8.991357329934504	73.57411198343621
0.4	20.5	0.0574664083890743	0.231760681539775	3.2480712933319995	9.066418968889042	73.62398910414845
0.4	20.6	0.0574664083890743	0.231760681539775	3.2667905273160693	9.14191320191432	73.6733941062619
0.4	20.700000000000003	0.0574664083890743	0.231760681539775	3.285617643698432	9.217842522129757	73.72233285728389
0.4	20.8	0.0574664083890743	0.231760681539775	3.3045532642252473	9.294209437023078	73.77081112974831
0.4	20.900000000000002	0.0574664083890743	0.231760681539775	3.3235980142259156	9.371016468533137	73.81883460313193
0.4	21.0	0.0574664083890743	0.231760681539775	3.342752522633722	9.448266153133169	73.86640886572464
0.4	21.1	0.0574664083890743	0.231760681539775	3.3620174220066144	9.525961041914586	73.91353941645467
0.4	21.200000000000003	0.0574664083890743	0.231760681539775	3.381393348548085	9.604103700671203	73.96023166667015
0.4	21.3	0.0574664083890743	0.231760681539775	3.4008809421281865	9.682696709983981	74.00649094187811
0.4	21.400000000000002	0.0574664083890743	0.231760681539775	3.42048084630466	9.761742665306246	74.0523224834422
0.4	21.5	0.0574664083890743	0.231760681539775	3.4401937083441876	9.841244177049395	74.09773145024019
0.4	21.6	0.0574664083890743	0.231760681539775	3.4600201792437715	9.921203870669114	74.14272292028248
0.4	21.700000000000003	0.0574664083890743	0.231760681539775	3.4799609137522265	10.001624386752068	74.18730189229264
0.4	21.8	0.0574664083890743	0.231760681539775	3.5000165703918067	10.082508381103116	74.23147328725071
0.4	21.900000000000002	0.0574664083890743	0.231760681539775	3.520187811479952	10.163858524833003	74.27524194990094
0.4	22.0	0.0574664083890743	0.231760681539775	3.54047530315116	10.24567750444659	74.31861265022427
0.4	22.1	0.0574664083890743	0.231760681539775	3.560879715378984	10.327968021931552	74.36159008487682
0.4	22.200000000000003	0.0574664083890743	0.231760681539775	3.5814017219981578	10.410732794847615	74.40417887859537
0.4	22.3	0.0574664083890743	0.231760681539775	3.6020420007268483	10.493974556416303	74.44638358557039
0.4	22.400000000000002	0.0574664083890743	0.231760681539775	3.622801233189041	10.577696055611215	74.48820869078793
0.4	22.5	0.0574664083890743	0.231760681539775	3.6436801049370415	10.661900057248774	74.52965861134075
0.4	22.6	0.0574664083890743	0.231760681539775	3.6646793054741233	10.746589342079558	74.57073769770987
0.4	22.700000000000003	0.0574664083890743	0.231760681539775	3.685799528277292	10.831766706880119	74.61145023501712
0.4	22.8	0.0574664083890743	0.231760681539775	3.70704147082019	10.917434964545356	74.65180044424933
0.4	22.900000000000002	0.0574664083890743	0.231760681539775	3.7284058345961304	11.00359694418139	74.69179248345542
0.4	23.0	0.0574664083890743	0.231760681539775	3.749893325141259	11.090255491199013	74.73143044891636
0.4	23.1	0.0574664083890743	0.231760681539775	3.7715046520578586	11.177413467407638	74.77071837628935
0.4	23.200000000000003	0.0574664083890743	0.231760681539775	3.7932405290377806	11.265073751109814	74.8096602417266
0.4	23.3	0.0574664083890743	0.231760681539775	3.8151016738860117	11.353239237196275	74.84825996296917
0.4	23.400000000000002	0.0574664083890743	0.231760681539775	3.8370888085443857	11.441912837241556	74.88652140041701
0.4	23.5	0.0574664083890743	0.231760681539775	3.859202659115416	11.531097479600119	74.92444835817541
0.4	23.6	0.0574664083890743	0.231760681539775	3.881443955886281	11.620796109503083	74.96204458507853
0.4	23.700000000000003	0.0574664083890743	0.231760681539775	3.9038134333529393	11.711011689155473	74.99931377569077
0.4	23.8	0.0574664083890743	0.231760681539775	3.9263118302443827	11.801747197834047	75.03625957128622
0.4	23.900000000000002	0.0574664083890743	0.231760681539775	3.948939889547037	11.893005631985686	75.07288556080722
0.4	24.0	0.0574664083890743	0.231760681539775	3.971698358529294	11.98479000532635	75.109195281802
