residual_growth_fraction	O2_fraction_of_qref	O2_capacity	condition_max_growth_h-1	max_PHB_flux_mmol_lump_gDW_h	max_PHB_mass_rate_g_gDW_h
0.05	0.0	0.0	5.428324804932597e-13		
0.05	0.025	0.11960486744525001	0.10763452961429822	0.7616771918750516	0.2622911577940928
0.05	0.05	0.23920973489050001	0.1126444880755625	0.7726935720664411	0.2660847584767997
0.05	0.075	0.35881460233575	0.11765444653656239	0.783709952257864	0.2698783591595181
0.05	0.1	0.47841946978100003	0.12266440499756068	0.7947263324492873	0.2736719598422366
0.05	0.125	0.59802433722625	0.1276743634585588	0.8057427126407399	0.27746556052496524
0.05	0.15	0.7176292046715	0.13268432191955862	0.8167590928321616	0.2812591612076832
0.05	0.175	0.83723407211675	0.13769428038055911	0.8277754730235886	0.28505276189040296
0.05	0.2	0.9568389395620001	0.14270423884155567	0.8387918532150106	0.288846362573121
0.05	0.225	1.0764438070072502	0.14771419730255617	0.8498082334064362	0.29263996325584035
0.05	0.25	1.1960486744525	0.15272415576355583	0.8535103208727778	0.29391481409574977
0.05	0.275	1.3156535418977502	0.15773411422455713	0.8528053741063221	0.2936720586272531
0.05	0.3	1.435258409343	0.16274407268555768	0.8521004273398534	0.29342930315875193
0.05	0.325	1.5548632767882502	0.16775403114655696	0.8513954805733774	0.29318654769024827
0.05	0.35	1.6744681442335	0.17276398960755615	0.8506905338068873	0.2929437922217397
0.05	0.375	1.79407301167875	0.1777739480685548	0.8499855870404293	0.29270103675324227
0.05	0.4	1.9136778791240001	0.18278390652955198	0.8492806402739445	0.2924582812847355
0.05	0.425	2.0332827465692502	0.18779386499055314	0.848575693507484	0.29221552581623716
0.05	0.45	2.1528876140145004	0.1928038234515502	0.8478707467410018	0.2919727703477314
0.05	0.475	2.27249248145975	0.19781378191255142	0.8471657999745421	0.29173001487923333
0.05	0.5	2.392097348905	0.20282374037354847	0.8464608532080601	0.29148725941072756
0.05	0.525	2.5117022163502503	0.20783369883454983	0.8457559064416023	0.29124450394223017
0.05	0.55	2.6313070837955004	0.2128436572955467	0.8450509596751172	0.29100174847372334
0.05	0.5750000000000001	2.7509119512407505	0.21785361575654816	0.8443460129086587	0.2907589930052258
0.05	0.6000000000000001	2.8705168186860006	0.22286357421754738	0.843641066142179	0.2905162375367208
0.05	0.625	2.9901216861312503	0.22787353267854626	0.8429361193757026	0.29027348206821696
0.05	0.65	3.1097265535765004	0.23288349113954546	0.8422311726092278	0.2900307265997137
0.05	0.675	3.2293314210217505	0.23789344960054498	0.8415262258427628	0.2897879711312138
0.05	0.7000000000000001	3.3489362884670006	0.24284008198573395	0.8408301896316521	0.28954828410155575
0.05	0.7250000000000001	3.4685411559122508	0.24663357738930064	0.8402964102921607	0.2893644718482085
0.05	0.75	3.5881460233575	0.25033343780348916	0.8397758062480899	0.28918519663959225
0.05	0.775	3.70775089080275	0.25403329821767423	0.8392552022040191	0.289005921430976
0.05	0.8	3.8273557582480002	0.2577331586318599	0.8387345981599729	0.28882664622236826
0.05	0.8250000000000001	3.9469606256932503	0.26143301904604643	0.8382139941158939	0.28864737101374927
0.05	0.8500000000000001	4.0665654931385005	0.26513287946023095	0.8376933900718667	0.28846809580514804
0.05	0.875	4.18617036058375	0.26883273987441747	0.8371727860277962	0.28828882059653194
0.05	0.9	4.305775228029001	0.27253260028860193	0.8366521819837339	0.2881095453879186
0.05	0.925	4.42538009547425	0.27623246070278873	0.8361315779396742	0.2879302701793062
0.05	0.95	4.5449849629195	0.2799323211169759	0.8356109738955957	0.2877509949706873
0.05	0.975	4.664589830364751	0.2836321815311604	0.8350903698515528	0.28757171976208074
0.05	1.0	4.78419469781	0.287332041945346	0.8345697658074933	0.2873924445534684
0.05	1.025	4.90379956525525	0.290234385803208	0.834161379603536	0.28725181268027367
0.05	1.05	5.0234044327005005	0.2902343858032079	0.8341613796035378	0.2872518126802743
0.05	1.075	5.14300930014575	0.290234385803209	0.8341613796035369	0.287251812680274
0.05	1.1	5.262614167591001	0.29023438580320915	0.8341613796035372	0.2872518126802741
0.05	1.125	5.38221903503625	0.290234385803209	0.8341613796035369	0.287251812680274
0.05	1.15	5.5018239024815	0.29023438580320915	0.8341613796035372	0.2872518126802741
0.05	1.175	5.621428769926751	0.290234385803209	0.8341613796035369	0.287251812680274
0.05	1.2000000000000002	5.741033637372001	0.29023438580320915	0.8341613796035372	0.2872518126802741
0.05	1.225	5.860638504817251	0.290234385803209	0.8341613796035369	0.287251812680274
0.05	1.25	5.980243372262501	0.29023438580320915	0.8341613796035372	0.2872518126802741
0.05	1.275	6.09984823970775	0.290234385803209	0.8341613796035369	0.287251812680274
0.05	1.3	6.219453107153001	0.29023438580320915	0.8341613796035372	0.2872518126802741
0.05	1.3250000000000002	6.339057974598251	0.290234385803209	0.8341613796035369	0.287251812680274
0.05	1.35	6.458662842043501	0.29023438580320915	0.8341613796035372	0.2872518126802741
0.05	1.375	6.578267709488751	0.290234385803209	0.8341613796035369	0.287251812680274
0.05	1.4	6.697872576934	0.29023438580320915	0.8341613796035372	0.2872518126802741
0.05	1.425	6.817477444379251	0.290234385803209	0.8341613796035369	0.287251812680274
0.05	1.4500000000000002	6.9370823118245015	0.29023438580320915	0.8341613796035372	0.2872518126802741
0.05	1.475	7.056687179269751	0.290234385803209	0.8341613796035369	0.287251812680274
0.05	1.5	7.176292046715	0.29023438580320915	0.8341613796035372	0.2872518126802741
0.1	0.0	0.0	2.0494354748120813e-14		
0.1	0.025	0.11960486744525001	0.10763452962169064	0.7413938970027885	0.25530640237188024
0.1	0.05	0.23920973489050001	0.11264448807556542	0.7514661706437973	0.25877489052289804
0.1	0.075	0.35881460233575	0.11765444653656446	0.7615384442821462	0.2622433786729999
0.1	0.1	0.47841946978100003	0.12266440499756347	0.7716107179204825	0.26571186682309733
0.1	0.125	0.59802433722625	0.12767436345856262	0.7816829915588085	0.2691803549731913
0.1	0.15	0.7176292046715	0.13268432191956211	0.7917552651971513	0.272648843123291
0.1	0.175	0.83723407211675	0.13769428038056106	0.8018275388354807	0.27611733127338617
0.1	0.2	0.9568389395620001	0.1427042388415606	0.8118998124738097	0.2795858194234811
0.1	0.225	1.0764438070072502	0.14771419730255947	0.8219720861121395	0.28305430757357636
0.1	0.25	1.1960486744525	0.1527241557635584	0.8319955738206303	0.28650599580087227
0.1	0.275	1.3156535418977502	0.15773411422455924	0.8306107482126182	0.2860291172544972
0.1	0.3	1.435258409343	0.16274407268555666	0.8292008546796749	0.28554360631749287
0.1	0.325	1.5548632767882502	0.1677540311465558	0.8277909611467289	0.2850580953804876
0.1	0.35	1.6744681442335	0.1727639896075551	0.8263810676137782	0.28457258444348066
0.1	0.375	1.79407301167875	0.17777394806855426	0.8249711740808419	0.2840870735064787
0.1	0.4	1.9136778791240001	0.18278390652955342	0.8235612805478915	0.28360156256947194
0.1	0.425	2.0332827465692502	0.18779386499055267	0.8221513870149508	0.2831160516324685
0.1	0.45	2.1528876140145004	0.19280382345155184	0.820741493482005	0.28263054069546323
0.1	0.475	2.27249248145975	0.19781378191255103	0.8193315999490678	0.282145029758461
0.1	0.5	2.392097348905	0.2028237403735502	0.8179217064161278	0.2816595188214578
0.1	0.525	2.5117022163502503	0.2078336988345494	0.8165118128831841	0.28117400788445324
0.1	0.55	2.6313070837955004	0.2128436572955486	0.8151019193502318	0.28068849694744585
0.1	0.5750000000000001	2.7509119512407505	0.2178536157565478	0.8136920258173076	0.2802029860104481
0.1	0.6000000000000001	2.8705168186860006	0.222863574217547	0.8122821322843652	0.279717475073444
0.1	0.625	2.9901216861312503	0.22787353267854618	0.8108722387514267	0.2792319641364413
0.1	0.65	3.1097265535765004	0.2328834911395452	0.8094623452184769	0.2787464531994347
0.1	0.675	3.2293314210217505	0.23789344960054443	0.8080524516855302	0.2782609422624292
0.1	0.7000000000000001	3.3489362884670006	0.2428400819857334	0.8066603792633654	0.2777815682031325
0.1	0.7250000000000001	3.4685411559122508	0.24663357738930322	0.8055928205843023	0.27741394369641037
0.1	0.75	3.5881460233575	0.25033343780348977	0.8045516124961731	0.27705539327918216
0.1	0.775	3.70775089080275	0.254033298217674	0.8035104044080634	0.2766968428619608
0.1	0.8	3.8273557582480002	0.2577331586318625	0.8024691963199352	0.27633829244473285
0.1	0.8250000000000001	3.9469606256932503	0.2614330190460482	0.8014279882318178	0.2759797420275088
0.1	0.8500000000000001	4.0665654931385005	0.2651328794602339	0.8003867801436985	0.27562119161028403
0.1	0.875	4.18617036058375	0.2688327398744165	0.7993455720555666	0.2752626411930549
0.1	0.9	4.305775228029001	0.27253260028860254	0.798304363967457	0.2749040907758335
0.1	0.925	4.42538009547425	0.2762324607027868	0.7972631558793324	0.2745455403586069
0.1	0.95	4.5449849629195	0.279932321116973	0.7962219477911952	0.274186989941376
0.1	0.975	4.664589830364751	0.28363218153115904	0.7951807397030766	0.2738284395241515
0.1	1.0	4.78419469781	0.28733204194534495	0.7941395316149618	0.2734698891069282
0.1	1.025	4.90379956525525	0.2902343858032072	0.7933227592070801	0.27318862536055005
0.1	1.05	5.0234044327005005	0.2902343858032071	0.7933227592070811	0.27318862536055044
0.1	1.075	5.14300930014575	0.2902343858032093	0.7933227592070753	0.2731886253605485
0.1	1.1	5.262614167591001	0.29023438580320926	0.7933227592070642	0.2731886253605446
0.1	1.125	5.38221903503625	0.2902343858032093	0.7933227592070753	0.2731886253605485
0.1	1.15	5.5018239024815	0.29023438580320926	0.7933227592070642	0.2731886253605446
0.1	1.175	5.621428769926751	0.2902343858032093	0.7933227592070753	0.2731886253605485
0.1	1.2000000000000002	5.741033637372001	0.29023438580320926	0.7933227592070642	0.2731886253605446
0.1	1.225	5.860638504817251	0.2902343858032093	0.7933227592070753	0.2731886253605485
0.1	1.25	5.980243372262501	0.29023438580320926	0.7933227592070642	0.2731886253605446
0.1	1.275	6.09984823970775	0.2902343858032093	0.7933227592070753	0.2731886253605485
0.1	1.3	6.219453107153001	0.29023438580320926	0.7933227592070642	0.2731886253605446
0.1	1.3250000000000002	6.339057974598251	0.2902343858032093	0.7933227592070753	0.2731886253605485
0.1	1.35	6.458662842043501	0.29023438580320926	0.7933227592070642	0.2731886253605446
0.1	1.375	6.578267709488751	0.2902343858032093	0.7933227592070753	0.2731886253605485
0.1	1.4	6.697872576934	0.29023438580320926	0.7933227592070642	0.2731886253605446
0.1	1.425	6.817477444379251	0.2902343858032093	0.7933227592070753	0.2731886253605485
0.1	1.4500000000000002	6.9370823118245015	0.29023438580320926	0.7933227592070642	0.2731886253605446
0.1	1.475	7.056687179269751	0.2902343858032093	0.7933227592070753	0.2731886253605485
0.1	1.5	7.176292046715	0.29023438580320926	0.7933227592070642	0.2731886253605446
0.2	0.0	0.0	-8.201231745757069e-14		
0.2	0.025	0.11960486744525001	0.10763452962009228	0.7008273072622465	0.2413368915288272
0.2	0.05	0.23920973489050001	0.1126444880755664	0.7090113677985642	0.24415515461511358
0.2	0.075	0.35881460233575	0.11765444653656351	0.7171954283307037	0.24697341769996115
0.2	0.1	0.47841946978100003	0.1226644049975631	0.7253794888628433	0.24979168078480873
0.2	0.125	0.59802433722625	0.12767436345856248	0.7335635493949975	0.25260994386966135
0.2	0.15	0.7176292046715	0.13268432191956117	0.7417476099271376	0.25542820695450913
0.2	0.175	0.83723407211675	0.13769428038056056	0.7499316704592787	0.25824647003935725
0.2	0.2	0.9568389395620001	0.14270423884155994	0.758115730991418	0.26106473312420475
0.2	0.225	1.0764438070072502	0.14771419730255936	0.7662997915235576	0.26388299620905237
0.2	0.25	1.1960486744525	0.15272415576355816	0.7744838520556997	0.26670125929390076
0.2	0.275	1.3156535418977502	0.15773411422455713	0.782667912587839	0.26951952237874827
0.2	0.3	1.435258409343	0.16274407268555616	0.7834017093593298	0.2697722126349788
0.2	0.325	1.5548632767882502	0.16775403114655507	0.7805819222934423	0.2688011907609698
0.2	0.35	1.6744681442335	0.17276398960755499	0.7777621352275522	0.2678301688869599
0.2	0.375	1.79407301167875	0.1777739480685541	0.7749423481616641	0.26685914701295066
0.2	0.4	1.9136778791240001	0.18278390652955323	0.7721225610957843	0.26588812513894433
0.2	0.425	2.0332827465692502	0.1877938649905524	0.769302774029899	0.264917103264936
0.2	0.45	2.1528876140145004	0.19280382345155153	0.7664829869640145	0.26394608139092807
0.2	0.475	2.27249248145975	0.1978137819125506	0.7636631998981281	0.2629750595169194
0.2	0.5	2.392097348905	0.20282374037354978	0.7608434128322417	0.26200403764291075
0.2	0.525	2.5117022163502503	0.2078336988345489	0.7580236257663512	0.2610330157689007
0.2	0.55	2.6313070837955004	0.2128436572955481	0.7552038387004691	0.2600619938948936
0.2	0.5750000000000001	2.7509119512407505	0.21785361575654724	0.7523840516345873	0.2590909720208865
0.2	0.6000000000000001	2.8705168186860006	0.2228635742175463	0.7495642645686996	0.2581199501468774
0.2	0.625	2.9901216861312503	0.22787353267854546	0.7467444775028197	0.257148928272871
0.2	0.65	3.1097265535765004	0.23288349113954457	0.7439246904369361	0.25617790639886334
0.2	0.675	3.2293314210217505	0.2378934496005432	0.7411049033710441	0.25520688452485274
0.2	0.7000000000000001	3.3489362884670006	0.2428400819857331	0.7383207585267101	0.2542481364062579
0.2	0.7250000000000001	3.4685411559122508	0.24663357738930208	0.7361856411686107	0.2535128873928228
0.2	0.75	3.5881460233575	0.250333437803489	0.7341032249923555	0.25279578655836754
0.2	0.775	3.70775089080275	0.2540332982176761	0.7320208088161202	0.25207868572391917
0.2	0.8	3.8273557582480002	0.2577331586318618	0.7299383926398723	0.2513615848894664
0.2	0.8250000000000001	3.9469606256932503	0.26143301904604505	0.7278559764636291	0.2506444840550153
0.2	0.8500000000000001	4.0665654931385005	0.2651328794602307	0.7257735602873848	0.24992738322056385
0.2	0.875	4.18617036058375	0.26883273987441797	0.7236911441111256	0.2492102823861072
0.2	0.9	4.305775228029001	0.2725326002886032	0.7216087279348792	0.248493181551655
0.2	0.925	4.42538009547425	0.27623246070278845	0.7195263117586448	0.24777608071720691
0.2	0.95	4.5449849629195	0.27993232111697475	0.7174438955824052	0.24705897988275705
0.2	0.975	4.664589830364751	0.28363218153115893	0.7153614794061457	0.24634187904830035
0.2	1.0	4.78419469781	0.2873320419453463	0.7132790632298998	0.2456247782138483
0.2	1.025	4.90379956525525	0.29023438580320815	0.7116455184141421	0.245062250721094
0.2	1.05	5.0234044327005005	0.29023438580320476	0.7116455184141454	0.2450622507210951
0.2	1.075	5.14300930014575	0.2902343858032069	0.7116455184141506	0.2450622507210969
0.2	1.1	5.262614167591001	0.2902343858032059	0.7116455184141466	0.24506225072109553
0.2	1.125	5.38221903503625	0.2902343858032072	0.7116455184141494	0.2450622507210965
0.2	1.15	5.5018239024815	0.2902343858032059	0.7116455184141466	0.24506225072109553
0.2	1.175	5.621428769926751	0.2902343858032072	0.7116455184141494	0.2450622507210965
0.2	1.2000000000000002	5.741033637372001	0.2902343858032059	0.7116455184141466	0.24506225072109553
0.2	1.225	5.860638504817251	0.2902343858032072	0.7116455184141494	0.2450622507210965
0.2	1.25	5.980243372262501	0.2902343858032059	0.7116455184141466	0.24506225072109553
0.2	1.275	6.09984823970775	0.2902343858032072	0.7116455184141494	0.2450622507210965
0.2	1.3	6.219453107153001	0.2902343858032059	0.7116455184141466	0.24506225072109553
0.2	1.3250000000000002	6.339057974598251	0.2902343858032072	0.7116455184141494	0.2450622507210965
0.2	1.35	6.458662842043501	0.2902343858032059	0.7116455184141466	0.24506225072109553
0.2	1.375	6.578267709488751	0.2902343858032072	0.7116455184141494	0.2450622507210965
0.2	1.4	6.697872576934	0.2902343858032059	0.7116455184141466	0.24506225072109553
0.2	1.425	6.817477444379251	0.2902343858032072	0.7116455184141494	0.2450622507210965
0.2	1.4500000000000002	6.9370823118245015	0.2902343858032059	0.7116455184141466	0.24506225072109553
0.2	1.475	7.056687179269751	0.2902343858032072	0.7116455184141494	0.2450622507210965
0.2	1.5	7.176292046715	0.2902343858032059	0.7116455184141466	0.24506225072109553
