gene_id	associated_reactions	raw_candidate_categories	final_category	evidence_source	assignment_rule	growth_WT_h-1	growth_KO_h-1	growth_ratio
EHJ91155_1	HISTP;PSP_L	Amino acid metabolism;Inorganic ion metabolism	Amino acid metabolism	metabolite context: phosphate;reaction name: serine	DOMINANT_ASSOCIATED_REACTION_FUNCTION	0.2902343858032029	-8.60990724686456e-17	-2.9665358992654363e-16
EHJ91351_1	UGMDDS	Amino acid metabolism	Amino acid metabolism	reaction name: alanine	DOMINANT_ASSOCIATED_REACTION_FUNCTION	0.2902343858032029	0.0	0.0
EHJ91353_1	UAMAGS	Amino acid metabolism	Amino acid metabolism	reaction name: glutamate	DOMINANT_ASSOCIATED_REACTION_FUNCTION	0.2902343858032029	4.7298243178469906e-17	1.6296567702539934e-16
EHJ91630_1	OHPBAT;PSERT	Amino acid metabolism	Amino acid metabolism	reaction name: serine;reaction name: threonine	DOMINANT_ASSOCIATED_REACTION_FUNCTION	0.2902343858032029	1.0889989155477207e-16	3.7521360969479694e-16
EHJ91631_1	AROH;CHORM;PPNDH	Amino acid metabolism;Central carbon metabolism	Amino acid metabolism	database annotation: chorismate;metabolite context: alanine;metabolite context: pyruvate	DOMINANT_ASSOCIATED_REACTION_FUNCTION	0.2902343858032029	-3.919564231639031e-17	-1.3504823767838252e-16
EHJ91952_1	GLUPRT	Amino acid metabolism	Amino acid metabolism	reaction name: glutamine	DOMINANT_ASSOCIATED_REACTION_FUNCTION	0.2902343858032029	3.38550843782064e-16	1.1664739270818957e-15
EHJ92374_1	CHORS	Amino acid metabolism	Amino acid metabolism	database annotation: chorismate	DOMINANT_ASSOCIATED_REACTION_FUNCTION	0.2902343858032029	-3.09376025431747e-16	-1.0659523494281049e-15
EHJ93023_1	PRMICI	Amino acid metabolism	Amino acid metabolism	curated reaction-ID mapping	DOMINANT_ASSOCIATED_REACTION_FUNCTION	0.2902343858032029	1.0094237158837117e-17	3.477960452860207e-17
EHJ93566_1	ASPK	Amino acid metabolism	Amino acid metabolism	database annotation: aspartate	DOMINANT_ASSOCIATED_REACTION_FUNCTION	0.2902343858032029	1.9597821158195158e-17	6.752411883919127e-17
EHJ93575_1	CTPS1;CTPS2	Amino acid metabolism;Nitrogen metabolism	Amino acid metabolism	metabolite context: ammonium;reaction name: glutamine	DOMINANT_ASSOCIATED_REACTION_FUNCTION	0.2902343858032029	-3.988156605692716e-15	-1.3741158183775428e-14
EHJ93580_1	SHKK	Amino acid metabolism	Amino acid metabolism	database annotation: shikimate	DOMINANT_ASSOCIATED_REACTION_FUNCTION	0.2902343858032029	2.3206844517234976e-16	7.995897678702578e-16
EHJ93638_1	ORNCD;ORNCD_1	Amino acid metabolism	Amino acid metabolism	database annotation: ornithine;reaction name: ornithine	DOMINANT_ASSOCIATED_REACTION_FUNCTION	0.2902343858032029	-6.010868230816559e-17	-2.0710393133404611e-16
EHJ93801_1	PPCDC;PPNCL2	Amino acid metabolism	Amino acid metabolism	reaction name: cysteine	DOMINANT_ASSOCIATED_REACTION_FUNCTION	0.2902343858032029	1.4690073287087312e-16	5.061451711324137e-16
EHJ93804_1	ACGK	Amino acid metabolism	Amino acid metabolism	reaction name: glutamate	DOMINANT_ASSOCIATED_REACTION_FUNCTION	0.2902343858032029	0.0	0.0
EHJ93824_1	4HTHRS;THRS	Amino acid metabolism	Amino acid metabolism	reaction name: threonine	DOMINANT_ASSOCIATED_REACTION_FUNCTION	0.2902343858032029	-3.919564231639031e-17	-1.3504823767838252e-16
EHJ93868_1	HSERTA	Amino acid metabolism	Amino acid metabolism	database annotation: serine	DOMINANT_ASSOCIATED_REACTION_FUNCTION	0.2902343858032029	5.879346347458546e-17	2.025723565175737e-16
EHJ93869_1	HSERTA	Amino acid metabolism	Amino acid metabolism	database annotation: serine	DOMINANT_ASSOCIATED_REACTION_FUNCTION	0.2902343858032029	1.4189472953540975e-16	4.888970310761981e-16
EHJ93882_1	PANTS	Amino acid metabolism	Amino acid metabolism	database annotation: alanine	DOMINANT_ASSOCIATED_REACTION_FUNCTION	0.2902343858032029	5.879346347458546e-17	2.025723565175737e-16
EHJ94195_1	METAT	Amino acid metabolism	Amino acid metabolism	reaction name: methionine	DOMINANT_ASSOCIATED_REACTION_FUNCTION	0.2902343858032029	-1.4422740854628072e-16	-4.969342559019728e-16
EHJ94210_1	ASPCT;CBPS;DHORTS	Amino acid metabolism	Amino acid metabolism	metabolite context: aspartate;reaction name: aspartate;reaction name: glutamine	DOMINANT_ASSOCIATED_REACTION_FUNCTION	0.2902343858032029	-1.107276895438027e-15	-3.815112714414308e-15
EHJ94299_1	GF6PTA	Amino acid metabolism	Amino acid metabolism	reaction name: glutamine	DOMINANT_ASSOCIATED_REACTION_FUNCTION	0.2902343858032029	-1.771901701187777e-17	-6.105071583038533e-17
EHJ94720_1	ICHORS	Amino acid metabolism	Amino acid metabolism	reaction name: chorismate	DOMINANT_ASSOCIATED_REACTION_FUNCTION	0.2902343858032029	2.603673661664837e-16	8.970934489582815e-16
EHJ91350_1	UAAGDS	Cell envelope / membrane biosynthesis	Cell envelope/membrane	reaction name: diaminopimelate	DOMINANT_ASSOCIATED_REACTION_FUNCTION	0.2902343858032029	-5.539806364033725e-18	-1.9087353652816525e-17
EHJ91352_1	PAPPT3	Cell envelope / membrane biosynthesis	Cell envelope/membrane	reaction name: diaminopimelate	DOMINANT_ASSOCIATED_REACTION_FUNCTION	0.2902343858032029	0.0	0.0
EHJ91355_1	UAGPT3	Cell envelope / membrane biosynthesis	Cell envelope/membrane	metabolite context: undecaprenyl	DOMINANT_ASSOCIATED_REACTION_FUNCTION	0.2902343858032029	7.407297215482846e-17	2.5521776804577035e-16
EHJ93780_1	UDCPDPS	Cell envelope / membrane biosynthesis	Cell envelope/membrane	reaction name: undecaprenyl	DOMINANT_ASSOCIATED_REACTION_FUNCTION	0.2902343858032029	1.4690073287087312e-16	5.061451711324137e-16
EHJ94296_1	UDCPDP;UDCPDPex	Cell envelope / membrane biosynthesis	Cell envelope/membrane	reaction name: undecaprenyl	DOMINANT_ASSOCIATED_REACTION_FUNCTION	0.2902343858032029	-1.1758692694917098e-16	-4.0514471303514776e-16
EHJ94373_1	DAPDC	Cell envelope / membrane biosynthesis	Cell envelope/membrane	reaction name: diaminopimelate	DOMINANT_ASSOCIATED_REACTION_FUNCTION	0.2902343858032029	-1.0112110011566051e-16	-3.4841185284030053e-16
EHJ94374_1	DAPE	Cell envelope / membrane biosynthesis	Cell envelope/membrane	curated reaction-ID mapping	DOMINANT_ASSOCIATED_REACTION_FUNCTION	0.2902343858032029	3.87455701478397e-16	1.3349751801673712e-15
EHJ91283_1	ADSS	Central carbon metabolism	Central carbon metabolism	database annotation: succinate	DOMINANT_ASSOCIATED_REACTION_FUNCTION	0.2902343858032029	-3.188585072649568e-14	-1.0986241564125445e-13
EHJ91326_1	UAGCVT	Central carbon metabolism	Central carbon metabolism	metabolite context: pyruvate	DOMINANT_ASSOCIATED_REACTION_FUNCTION	0.2902343858032029	0.0	0.0
EHJ91392_1	ADCL	Central carbon metabolism	Central carbon metabolism	metabolite context: pyruvate	DOMINANT_ASSOCIATED_REACTION_FUNCTION	0.2902343858032029	0.0	0.0
EHJ91608_1	ARGSS	Central carbon metabolism	Central carbon metabolism	reaction name: succinate	DOMINANT_ASSOCIATED_REACTION_FUNCTION	0.2902343858032029	1.0080475409689114e-17	3.4732188544069715e-17
EHJ91964_1	IPPMIa;IPPMIb	Central carbon metabolism	Central carbon metabolism	reaction name: malate	DOMINANT_ASSOCIATED_REACTION_FUNCTION	0.2902343858032029	2.483054497144862e-16	8.55534222891332e-16
EHJ91965_1	IPPMIa;IPPMIb	Central carbon metabolism	Central carbon metabolism	reaction name: malate	DOMINANT_ASSOCIATED_REACTION_FUNCTION	0.2902343858032029	0.0	0.0
EHJ93140_1	ADSL1r;ADSL2r	Central carbon metabolism	Central carbon metabolism	reaction name: succinate	DOMINANT_ASSOCIATED_REACTION_FUNCTION	0.2902343858032029	-2.373370060067348e-14	-8.177425474583988e-14
EHJ94371_1	ARGSL	Central carbon metabolism	Central carbon metabolism	reaction name: succinate	DOMINANT_ASSOCIATED_REACTION_FUNCTION	0.2902343858032029	3.9195642316390316e-17	1.3504823767838255e-16
EHJ91121_1	TMPK	Cofactor and vitamin metabolism	Cofactor/vitamin metabolism	reaction name: thiam	DOMINANT_ASSOCIATED_REACTION_FUNCTION	0.2902343858032029	-5.0763264973817117e-17	-1.749043788637704e-16
EHJ91434_1	PDX5PS	Cofactor and vitamin metabolism	Cofactor/vitamin metabolism	reaction name: pyridox	DOMINANT_ASSOCIATED_REACTION_FUNCTION	0.2902343858032029	-7.799009020054179e-17	-2.687141635017153e-16
EHJ91640_1	DPCOAK	Cofactor and vitamin metabolism	Cofactor/vitamin metabolism	metabolite context: coenzyme	DOMINANT_ASSOCIATED_REACTION_FUNCTION	0.2902343858032029	-4.729824317846991e-17	-1.6296567702539934e-16
EHJ91955_1	DHFS	Cofactor and vitamin metabolism	Cofactor/vitamin metabolism	database annotation: folate	DOMINANT_ASSOCIATED_REACTION_FUNCTION	0.2902343858032029	1.9873252502769623e-16	6.847311509203785e-16
EHJ92173_1	NADK	Cofactor and vitamin metabolism	Cofactor/vitamin metabolism	database annotation: nad	DOMINANT_ASSOCIATED_REACTION_FUNCTION	0.2902343858032029	1.1518534021949029e-12	3.968700672758781e-12
EHJ93789_1	THDPS	Cofactor and vitamin metabolism	Cofactor/vitamin metabolism	metabolite context: coenzyme	DOMINANT_ASSOCIATED_REACTION_FUNCTION	0.2902343858032029	-9.084813442953406e-17	-3.130164407574187e-16
EHJ93881_1	MOHMT	Cofactor and vitamin metabolism	Cofactor/vitamin metabolism	metabolite context: folate	DOMINANT_ASSOCIATED_REACTION_FUNCTION	0.2902343858032029	0.0	0.0
EHJ93896_1	DHPS;FOLD3	Cofactor and vitamin metabolism	Cofactor/vitamin metabolism	curated reaction-ID mapping;reaction name: pteroate	DOMINANT_ASSOCIATED_REACTION_FUNCTION	0.2902343858032029	-1.1825988136178284e-16	-4.074633714902769e-16
EHJ93904_1	DHDPRx_r;DHDPRy	Cofactor and vitamin metabolism	Cofactor/vitamin metabolism	reaction name: nad	DOMINANT_ASSOCIATED_REACTION_FUNCTION	0.2902343858032029	0.0	0.0
EHJ94039_1	TMPPP	Cofactor and vitamin metabolism	Cofactor/vitamin metabolism	reaction name: thiam	DOMINANT_ASSOCIATED_REACTION_FUNCTION	0.2902343858032029	1.987325250276962e-16	6.847311509203783e-16
EHJ94084_1	PNTK	Cofactor and vitamin metabolism	Cofactor/vitamin metabolism	database annotation: pantoth	DOMINANT_ASSOCIATED_REACTION_FUNCTION	0.2902343858032029	-1.0112110011566051e-16	-3.4841185284030053e-16
EHJ94192_1	MTHFR2;MTHFR3	Cofactor and vitamin metabolism	Cofactor/vitamin metabolism	reaction name: folate	DOMINANT_ASSOCIATED_REACTION_FUNCTION	0.2902343858032029	-4.729824317846991e-17	-1.6296567702539934e-16
EHJ94730_1	SUCBZL	Cofactor and vitamin metabolism	Cofactor/vitamin metabolism	metabolite context: coenzyme	DOMINANT_ASSOCIATED_REACTION_FUNCTION	0.2902343858032029	3.919564231639031e-17	1.3504823767838252e-16
EHJ91328_1	HDH;HISTD	Energy metabolism / respiration	Energy metabolism/respiration	reaction name: hydrogenase	DOMINANT_ASSOCIATED_REACTION_FUNCTION	0.2902343858032029	1.0068574115418269e-17	3.4691182740302155e-17
EHJ91775_1	PDX5POi;PYAM5PO;PYDXNO;PYDXO	Energy metabolism / respiration	Energy metabolism/respiration	database annotation: oxidase;reaction name: oxidase	DOMINANT_ASSOCIATED_REACTION_FUNCTION	0.2902343858032029	1.4567613136466888e-16	5.019258175130442e-16
EHJ91962_1	ASAD	Energy metabolism / respiration	Energy metabolism/respiration	database annotation: hydrogenase	DOMINANT_ASSOCIATED_REACTION_FUNCTION	0.2902343858032029	-4.9683131256924064e-17	-1.7118278773009462e-16
EHJ91963_1	IPMD	Energy metabolism / respiration	Energy metabolism/respiration	reaction name: hydrogenase	DOMINANT_ASSOCIATED_REACTION_FUNCTION	0.2902343858032029	0.0	0.0
EHJ92310_1	ASPO1;ASPO3;ASPO4;ASPO5;ASPO6	Amino acid metabolism;Energy metabolism / respiration	Energy metabolism/respiration	database annotation: aspartate;reaction name: oxidase	DOMINANT_ASSOCIATED_REACTION_FUNCTION	0.2902343858032029	4.4729313850439103e-14	1.5411445382894214e-13
EHJ92927_1	QULNS	Energy metabolism / respiration	Energy metabolism/respiration	database annotation: quinol	DOMINANT_ASSOCIATED_REACTION_FUNCTION	0.2902343858032029	3.3860812291466615e-13	1.1666712818248342e-12
EHJ93117_1	PERD	Energy metabolism / respiration	Energy metabolism/respiration	reaction name: hydrogenase	DOMINANT_ASSOCIATED_REACTION_FUNCTION	0.2902343858032029	-4.968313125692405e-17	-1.7118278773009455e-16
EHJ93122_1	DHORD2;DHORD5;DHORDfum	Central carbon metabolism;Energy metabolism / respiration	Energy metabolism/respiration	reaction name: fumarate;reaction name: quinone	DOMINANT_ASSOCIATED_REACTION_FUNCTION	0.2902343858032029	-2.1655592379805656e-15	-7.461415131730638e-15
EHJ93669_1	SHK3Dr	Energy metabolism / respiration	Energy metabolism/respiration	database annotation: hydrogenase	DOMINANT_ASSOCIATED_REACTION_FUNCTION	0.2902343858032029	-2.888637795280001e-17	-9.95277588245067e-17
EHJ93825_1	HSDy;LSERDHr	Energy metabolism / respiration	Energy metabolism/respiration	reaction name: hydrogenase	DOMINANT_ASSOCIATED_REACTION_FUNCTION	0.2902343858032029	-7.799009020054179e-17	-2.687141635017153e-16
EHJ94719_1	DHNAOT4	Energy metabolism / respiration	Energy metabolism/respiration	metabolite context: quinol	DOMINANT_ASSOCIATED_REACTION_FUNCTION	0.2902343858032029	-1.987325250276962e-16	-6.847311509203783e-16
EHJ94867_1	ABUTD;ALDD1;ALDD19xr;ALDD2x;ALDD3;ALDD31_1;ALDD4;BETALDHx;BETALDHy;GCALDD;GLXO1;GLYALDDr;LCADi	Energy metabolism / respiration	Energy metabolism/respiration	database annotation: hydrogenase;reaction name: hydrogenase;reaction name: oxidase	DOMINANT_ASSOCIATED_REACTION_FUNCTION	0.2902343858032029	2.6322858398937988e-17	9.069517495692788e-17
EHJ92316_1	OMPDC	Inorganic ion metabolism	Inorganic ion metabolism	reaction name: phosphate	DOMINANT_ASSOCIATED_REACTION_FUNCTION	0.2902343858032029	-2.234151612034248e-15	-7.697749547667803e-15
EHJ92333_1	IGPS	Inorganic ion metabolism	Inorganic ion metabolism	reaction name: phosphate	DOMINANT_ASSOCIATED_REACTION_FUNCTION	0.2902343858032029	0.0	0.0
EHJ92341_1	RPE	Inorganic ion metabolism	Inorganic ion metabolism	reaction name: phosphate	DOMINANT_ASSOCIATED_REACTION_FUNCTION	0.2902343858032029	1.1653291384462651e-14	4.015131202394576e-14
EHJ92759_1	MECDPS	Inorganic ion metabolism	Inorganic ion metabolism	reaction name: phosphate	DOMINANT_ASSOCIATED_REACTION_FUNCTION	0.2902343858032029	8.075306234968536e-17	2.782339595158825e-16
EHJ92977_1	APPAT;PTPATi	Inorganic ion metabolism	Inorganic ion metabolism	reaction name: phosphate	DOMINANT_ASSOCIATED_REACTION_FUNCTION	0.2902343858032029	0.0	0.0
EHJ93021_1	IGPDH	Inorganic ion metabolism	Inorganic ion metabolism	reaction name: phosphate	DOMINANT_ASSOCIATED_REACTION_FUNCTION	0.2902343858032029	0.0	0.0
EHJ93024_1	IG3PS	Inorganic ion metabolism	Inorganic ion metabolism	reaction name: phosphate	DOMINANT_ASSOCIATED_REACTION_FUNCTION	0.2902343858032029	0.0	0.0
EHJ93579_1	DHQS	Inorganic ion metabolism	Inorganic ion metabolism	metabolite context: phosphate	DOMINANT_ASSOCIATED_REACTION_FUNCTION	0.2902343858032029	-1.958520034666397e-17	-6.748063394509005e-17
EHJ93953_1	OCTDPS	Inorganic ion metabolism	Inorganic ion metabolism	reaction name: phosphate	DOMINANT_ASSOCIATED_REACTION_FUNCTION	0.2902343858032029	-2.420642348340106e-16	-8.340301724212147e-16
EHJ94196_1	TKT1;TKT2	Inorganic ion metabolism	Inorganic ion metabolism	metabolite context: phosphate	DOMINANT_ASSOCIATED_REACTION_FUNCTION	0.2902343858032029	-1.2386394137067362e-15	-4.2677211050609676e-15
EHJ94231_1	RPI	Inorganic ion metabolism	Inorganic ion metabolism	reaction name: phosphate	DOMINANT_ASSOCIATED_REACTION_FUNCTION	0.2902343858032029	4.148174730960122e-15	1.4292499213972686e-14
EHJ94269_1	AGPR	Inorganic ion metabolism	Inorganic ion metabolism	reaction name: phosphate	DOMINANT_ASSOCIATED_REACTION_FUNCTION	0.2902343858032029	-8.81901952118782e-17	-3.0385853477636073e-16
EHJ94453_1	DXPS	Inorganic ion metabolism	Inorganic ion metabolism	reaction name: phosphate	DOMINANT_ASSOCIATED_REACTION_FUNCTION	0.2902343858032029	1.7632162051551363e-16	6.075145783555459e-16
EHJ91162_1	TMDS	Nucleotide metabolism	Nucleotide metabolism	reaction name: thym	DOMINANT_ASSOCIATED_REACTION_FUNCTION	0.2902343858032029	1.024694711244255e-17	3.530576531820948e-17
EHJ91282_1	ATPPRT	Nucleotide metabolism	Nucleotide metabolism	database annotation: phosphoribosyl	DOMINANT_ASSOCIATED_REACTION_FUNCTION	0.2902343858032029	-2.497440554677325e-17	-8.604909262442617e-17
EHJ91327_1	ATPPRT	Nucleotide metabolism	Nucleotide metabolism	database annotation: phosphoribosyl	DOMINANT_ASSOCIATED_REACTION_FUNCTION	0.2902343858032029	5.430876296443851e-17	1.8712036071860644e-16
EHJ91394_1	DTMPK;URIDK2r	Nucleotide metabolism	Nucleotide metabolism	curated reaction-ID mapping;database annotation: urid	DOMINANT_ASSOCIATED_REACTION_FUNCTION	0.2902343858032029	-3.9195642316390316e-17	-1.3504823767838255e-16
EHJ91597_1	AICART;IMPC	Nucleotide metabolism	Nucleotide metabolism	curated reaction-ID mapping;reaction name: phosphoribosyl	DOMINANT_ASSOCIATED_REACTION_FUNCTION	0.2902343858032029	-1.2718881601772556e-14	-4.382279365890421e-14
EHJ91937_1	PRAIS	Nucleotide metabolism	Nucleotide metabolism	reaction name: phosphoribosyl	DOMINANT_ASSOCIATED_REACTION_FUNCTION	0.2902343858032029	1.4408108064507977e-15	4.9643008441727425e-15
EHJ91938_1	GARFT	Nucleotide metabolism	Nucleotide metabolism	reaction name: phosphoribosyl	DOMINANT_ASSOCIATED_REACTION_FUNCTION	0.2902343858032029	1.5995398670920053e-14	5.511200413642902e-14
EHJ92401_1	PRAGSr	Nucleotide metabolism	Nucleotide metabolism	reaction name: phosphoribosyl	DOMINANT_ASSOCIATED_REACTION_FUNCTION	0.2902343858032029	-1.1923951501661772e-14	-4.1083869055222703e-14
EHJ92468_1	AIRC1;AIRC3	Nucleotide metabolism	Nucleotide metabolism	curated reaction-ID mapping;reaction name: phosphoribosyl	DOMINANT_ASSOCIATED_REACTION_FUNCTION	0.2902343858032029	8.705593125824505e-16	2.999504383924874e-15
EHJ92540_1	CDPMEK	Nucleotide metabolism	Nucleotide metabolism	reaction name: cytid	DOMINANT_ASSOCIATED_REACTION_FUNCTION	0.2902343858032029	1.2351499035372474e-16	4.255698028746864e-16
EHJ92541_1	PRPPS	Nucleotide metabolism	Nucleotide metabolism	reaction name: phosphoribosyl	DOMINANT_ASSOCIATED_REACTION_FUNCTION	0.2902343858032029	8.248856794384368e-15	2.8421362863522347e-14
EHJ92760_1	MEPCT;MEPCT_1	Nucleotide metabolism	Nucleotide metabolism	reaction name: cytid	DOMINANT_ASSOCIATED_REACTION_FUNCTION	0.2902343858032029	1.7426463755788923e-16	6.004272618339978e-16
EHJ92916_1	NNDPR	Nucleotide metabolism	Nucleotide metabolism	reaction name: nucleotide	DOMINANT_ASSOCIATED_REACTION_FUNCTION	0.2902343858032029	1.8590958032239002e-13	6.405498087619718e-13
EHJ92920_1	PRASCSi	Nucleotide metabolism	Nucleotide metabolism	reaction name: phosphoribosyl	DOMINANT_ASSOCIATED_REACTION_FUNCTION	0.2902343858032029	1.8649255963514653e-14	6.425584588092196e-14
EHJ93283_1	DPR;KARA1;KARA2	Nucleotide metabolism	Nucleotide metabolism	metabolite context: nucleotide	DOMINANT_ASSOCIATED_REACTION_FUNCTION	0.2902343858032029	-5.0763264973817104e-17	-1.749043788637704e-16
EHJ93300_1	AMPMS2	Nucleotide metabolism	Nucleotide metabolism	reaction name: pyrimidine	DOMINANT_ASSOCIATED_REACTION_FUNCTION	0.2902343858032029	4.8364406254580576e-17	1.666391324402708e-16
EHJ93778_1	DXPRIi	Nucleotide metabolism	Nucleotide metabolism	metabolite context: nucleotide	DOMINANT_ASSOCIATED_REACTION_FUNCTION	0.2902343858032029	-5.017101251133184e-16	-1.7286377826144602e-15
EHJ94309_1	ORPT	Nucleotide metabolism	Nucleotide metabolism	reaction name: phosphoribosyl	DOMINANT_ASSOCIATED_REACTION_FUNCTION	0.2902343858032029	-2.136546067089975e-15	-7.361450508964458e-15
EHJ94330_1	DGK1;GK1	Nucleotide metabolism	Nucleotide metabolism	database annotation: guanyl;reaction name: guanyl	DOMINANT_ASSOCIATED_REACTION_FUNCTION	0.2902343858032029	-1.4189472953540975e-16	-4.888970310761981e-16
EHJ94937_1	FMNAT;RBFK	Cofactor and vitamin metabolism;Nucleotide metabolism	Nucleotide metabolism	database annotation: riboflavin;metabolite context: nucleotide	DOMINANT_ASSOCIATED_REACTION_FUNCTION	0.2902343858032029	5.879346347458546e-17	2.025723565175737e-16
EHJ94729_1	SUCBZS	Other curated	Cofactor/vitamin metabolism	SUCBZS: succinylbenzoate-CoA ligase; menaquinone/cofactor biosynthesis	REACTION_SPECIFIC_BIOLOGICAL_CORRECTION	0.2902343858032029	0.0	0.0
EHJ91225_1	ADSELK;ADSK;SADT;SADT2;SELADT	Inorganic ion metabolism;Sulfur metabolism	Sulfur metabolism	database annotation: sulfate;reaction name: selen;reaction name: sulfate	DOMINANT_ASSOCIATED_REACTION_FUNCTION	0.2902343858032029	-8.81901952118782e-17	-3.0385853477636073e-16
EHJ91226_1	ADSELK;ADSK;SADT;SADT2;SELADT	Inorganic ion metabolism;Sulfur metabolism	Sulfur metabolism	database annotation: sulfate;reaction name: selen;reaction name: sulfate	DOMINANT_ASSOCIATED_REACTION_FUNCTION	0.2902343858032029	-5.0471185794185586e-17	-1.7389802264301039e-16
EHJ91768_1	SULR	Sulfur metabolism	Sulfur metabolism	database annotation: sulfite	DOMINANT_ASSOCIATED_REACTION_FUNCTION	0.2902343858032029	2.420021561200783e-16	8.338162807634067e-16
EHJ94268_1	CLt3_2pp;Clt	Transport	Inorganic ion metabolism	CLt3_2pp/Clt: chloride is the primary transported cargo	PRIMARY_TRANSPORTED_CARGO	0.2902343858032029	0.0	0.0
