residual_growth_fraction	N_fraction_of_qref	NH4_capacity	condition_max_growth_h-1	max_PHB_flux_mmol_lump_gDW_h	PHB_mass_rate_g_gDW_h
0.05	0.0	0.0	1.0625043335752267e-15		
0.05	0.0249999999999999	0.0753540928677497	0.00718330104863708	0.873989254394528	0.3009669396432997
0.05	0.0499999999999999	0.15070818573549968	0.01436660209727746	0.8729784882903804	0.3006188722276754
0.05	0.075	0.22606227860324998	0.021549903145916732	0.8719677324355534	0.30027080834150716
0.05	0.0999999999999999	0.3014163714709997	0.028733204194554947	0.8709569765807476	0.2999227444553462
0.05	0.1249999999999999	0.3767704643387497	0.035916505243193265	0.8699462207259235	0.2995746805691791
0.05	0.15	0.45212455720649997	0.04309980629183159	0.8689354648711206	0.29922661668301914
0.05	0.175	0.52747865007425	0.0502831073404698	0.8679247090163045	0.29887855279685466
0.05	0.1999999999999999	0.6028327429419997	0.05746640838910801	0.8669139531614781	0.2985304889106866
0.05	0.2249999999999999	0.6781868358097497	0.06464970943774632	0.8659031973066582	0.29818242502452086
0.05	0.2499999999999999	0.7535409286774997	0.07183301048638453	0.8648924414518613	0.297834361138363
0.05	0.2749999999999999	0.8288950215452497	0.07901631153502274	0.8638816855970417	0.2974862972521973
0.05	0.3	0.9042491144129999	0.08619961258366109	0.8628709297422401	0.2971382333660378
0.05	0.3249999999999999	0.9796032072807497	0.09338291363229928	0.8618601738874169	0.29679016947987086
0.05	0.35	1.0549573001485	0.1005662146809376	0.8608494180326104	0.2964421055937097
0.05	0.3749999999999999	1.1303113930162496	0.1077495157295758	0.8598386621777884	0.2960940417075432
0.05	0.3999999999999999	1.2056654858839997	0.11493281677821403	0.8588279063229756	0.2957459778213799
0.05	0.425	1.28101957875175	0.12211611782685235	0.8578171504681679	0.2953979139352183
0.05	0.4499999999999999	1.3563736716194996	0.12929941887549057	0.856806394613343	0.2950498500490508
0.05	0.475	1.43172776448725	0.1364827199241289	0.8557956387585347	0.29470178616288906
0.05	0.4999999999999999	1.5070818573549996	0.1436660209727671	0.8547848829037225	0.29435372227672585
0.05	0.5249999999999999	1.5824359502227496	0.1508493220214053	0.8537741270489138	0.294005658390564
0.05	0.5499999999999999	1.6577900430904997	0.15803262307004362	0.8527633711941027	0.2936575945044012
0.05	0.575	1.7331441359582498	0.16521592411868183	0.8517526153392861	0.29330953061823656
0.05	0.6	1.8084982288259999	0.17239922516732017	0.8507418594844632	0.29296146673206974
0.05	0.625	1.88385232169375	0.17958252621595835	0.8497311036296588	0.2926134028459093
0.05	0.6499999999999999	1.9592064145614998	0.18676582726460117	0.8487203477748384	0.2922653389597434
0.05	0.6749999999999999	2.0345605074292497	0.19394912831323685	0.8477095919200108	0.29191727507357496
0.05	0.7	2.109914600297	0.20113242936187828	0.8466988360652127	0.2915692111874167
0.05	0.725	2.18526869316475	0.20831573041051377	0.8456880802103849	0.29122114730124815
0.05	0.7499999999999999	2.2606227860324997	0.21549903145915533	0.8446773243555808	0.29087308341508783
0.05	0.7749999999999999	2.3359768789002495	0.2226823325077905	0.8436665685007552	0.29052501952892
0.05	0.7999999999999999	2.411330971768	0.2298656335564325	0.8426558126459616	0.29017695564276336
0.05	0.825	2.4866850646357497	0.2370489346050674	0.8416450567911286	0.28982889175659304
0.05	0.85	2.5620391575035	0.24423223565370966	0.8406343009363317	0.2894808278704352
0.05	0.8749999999999999	2.63739325037125	0.2514155367023441	0.8396235450815023	0.28913276398426613
0.05	0.8999999999999999	2.7127473432389997	0.2585988377509867	0.8386127892267058	0.2887847000981084
0.05	0.925	2.78810143610675	0.26578213879962087	0.8376020333718789	0.2884366362119402
0.05	0.95	2.8634555289745	0.2729654398482639	0.8365912775170736	0.28808857232577945
0.05	0.975	2.93880962184225	0.2801487408968977	0.8355805216622524	0.28774050843961324
0.05	1.0	3.01416371471	0.28733204194554096	0.8345697658074448	0.2873924445534517
0.05	1.025	3.08951780757775	0.29023438580320604	0.8341613796035398	0.28725181268027494
0.05	1.0499999999999998	3.1648719004454993	0.2902343858032069	0.8341613796035415	0.28725181268027555
0.05	1.075	3.24022599331325	0.2902343858032067	0.8341613796035396	0.2872518126802749
0.05	1.1	3.3155800861810003	0.29023438580320426	0.834161379603536	0.28725181268027367
0.05	1.125	3.39093417904875	0.2902343858032055	0.8341613796035396	0.2872518126802749
0.05	1.15	3.4662882719164996	0.29023438580320426	0.834161379603536	0.28725181268027367
0.05	1.1749999999999998	3.5416423647842494	0.2902343858032055	0.8341613796035396	0.2872518126802749
0.05	1.2	3.6169964576519997	0.29023438580320426	0.834161379603536	0.28725181268027367
0.1	0.0	0.0	-4.4242083039296706e-16		
0.1	0.0249999999999999	0.0753540928677497	0.007183301048628411	0.8729784882903647	0.30061887222767003
0.1	0.0499999999999999	0.15070818573549968	0.014366602097272994	0.8709569765807628	0.2999227444553515
0.1	0.075	0.22606227860324998	0.02154990314591148	0.8689354648711402	0.29922661668302586
0.1	0.0999999999999999	0.3014163714709997	0.02873320419454997	0.8669139531615122	0.29853048891069833
0.1	0.1249999999999999	0.3767704643387497	0.03591650524318857	0.8648924414518914	0.2978343611383733
0.1	0.15	0.45212455720649997	0.04309980629182706	0.8628709297422583	0.29713823336604406
0.1	0.175	0.52747865007425	0.050283107340465656	0.8608494180326292	0.2964421055937162
0.1	0.1999999999999999	0.6028327429419997	0.05746640838910414	0.8588279063230048	0.29574597782138995
0.1	0.2249999999999999	0.6781868358097497	0.06464970943774263	0.8568063946133782	0.2950498500490629
0.1	0.2499999999999999	0.7535409286774997	0.07183301048638123	0.8547848829037452	0.29435372227673373
0.1	0.2749999999999999	0.8288950215452497	0.07901631153501971	0.8527633711941204	0.2936575945044073
0.1	0.3	0.9042491144129999	0.08619961258365831	0.8507418594844911	0.29296146673207935
0.1	0.3249999999999999	0.9796032072807497	0.09338291363229681	0.8487203477748653	0.29226533895975265
0.1	0.35	1.0549573001485	0.1005662146809354	0.8466988360652401	0.2915692111874261
0.1	0.3749999999999999	1.1303113930162496	0.10774951572957389	0.8446773243556116	0.29087308341509843
0.1	0.3999999999999999	1.2056654858839997	0.11493281677821238	0.8426558126459834	0.29017695564277085
0.1	0.425	1.28101957875175	0.12211611782685099	0.8406343009363529	0.2894808278704425
0.1	0.4499999999999999	1.3563736716194996	0.12929941887548946	0.8386127892267247	0.2887847000981149
0.1	0.475	1.43172776448725	0.13648271992412805	0.8365912775170977	0.2880885723257878
0.1	0.4999999999999999	1.5070818573549996	0.14366602097276654	0.8345697658074698	0.2873924445534603
0.1	0.5249999999999999	1.5824359502227496	0.15084932202140502	0.8325482540978427	0.2866963167811331
0.1	0.5499999999999999	1.6577900430904997	0.15803262307004362	0.830526742388219	0.28600018900880714
0.1	0.575	1.7331441359582498	0.1652159241186821	0.82850523067859	0.2853040612364793
0.1	0.6	1.8084982288259999	0.17239922516732073	0.8264837189689617	0.28460793346415164
0.1	0.625	1.88385232169375	0.17958252621595922	0.8244622072593256	0.2839118056918214
0.1	0.6499999999999999	1.9592064145614998	0.1867658272646002	0.8224406955496939	0.2832156779194926
0.1	0.6749999999999999	2.0345605074292497	0.1939491283132362	0.8204191838400714	0.282519550147167
0.1	0.7	2.109914600297	0.20113242936187686	0.8183976721304266	0.2818234223748337
0.1	0.725	2.18526869316475	0.20831573041051332	0.8163761604208003	0.28112729460250685
0.1	0.7499999999999999	2.2606227860324997	0.21549903145915358	0.8143546487111691	0.2804311668301782
0.1	0.7749999999999999	2.3359768789002495	0.22268233250779024	0.8123331370015491	0.27973503905785346
0.1	0.7999999999999999	2.411330971768	0.22986563355643044	0.8103116252919177	0.27903891128552477
0.1	0.825	2.4866850646357497	0.23704893460506735	0.808290113582292	0.2783427835131981
0.1	0.85	2.5620391575035	0.24423223565370716	0.8062686018726647	0.27764665574087083
0.1	0.8749999999999999	2.63739325037125	0.25141553670234446	0.8042470901630387	0.276950527968544
0.1	0.8999999999999999	2.7127473432389997	0.25859883775098397	0.80222557845341	0.2762544001962163
0.1	0.925	2.78810143610675	0.2657821387996215	0.8002040667437793	0.27555827242388786
0.1	0.95	2.8634555289745	0.2729654398482609	0.7981825550341575	0.27486214465156245
0.1	0.975	2.93880962184225	0.2801487408968986	0.7961610433245253	0.27416601687923353
0.1	1.0	3.01416371471	0.28733204194553774	0.7941395316149128	0.2734698891069114
0.1	1.025	3.08951780757775	0.2902343858032061	0.7933227592070748	0.27318862536054833
0.1	1.0499999999999998	3.1648719004454993	0.2902343858032091	0.793322759207074	0.273188625360548
0.1	1.075	3.24022599331325	0.2902343858032061	0.7933227592070748	0.27318862536054833
0.1	1.1	3.3155800861810003	0.2902343858032091	0.793322759207074	0.273188625360548
0.1	1.125	3.39093417904875	0.2902343858032061	0.7933227592070748	0.27318862536054833
0.1	1.15	3.4662882719164996	0.2902343858032091	0.793322759207074	0.273188625360548
0.1	1.1749999999999998	3.5416423647842494	0.2902343858032061	0.7933227592070748	0.27318862536054833
0.1	1.2	3.6169964576519997	0.2902343858032091	0.793322759207074	0.273188625360548
0.2	0.0	0.0	-4.092392681135019e-15		
0.2	0.0249999999999999	0.0753540928677497	0.007183301048654226	0.8709569765807558	0.29992274445534906
0.2	0.0499999999999999	0.15070818573549968	0.014366602097272994	0.8669139531615214	0.29853048891070155
0.2	0.075	0.22606227860324998	0.02154990314591148	0.862870929742262	0.2971382333660454
0.2	0.0999999999999999	0.3014163714709997	0.02873320419454997	0.8588279063229984	0.29574597782138773
0.2	0.1249999999999999	0.3767704643387497	0.03591650524318857	0.8547848829037432	0.29435372227673307
0.2	0.15	0.45212455720649997	0.04309980629182706	0.8507418594844983	0.2929614667320819
0.2	0.175	0.52747865007425	0.050283107340465656	0.8466988360652383	0.29156921118742546
0.2	0.1999999999999999	0.6028327429419997	0.05746640838910414	0.8426558126459776	0.29017695564276885
0.2	0.2249999999999999	0.6781868358097497	0.06464970943774263	0.8386127892267292	0.2887847000981165
0.2	0.2499999999999999	0.7535409286774997	0.07183301048638123	0.8345697658074746	0.2873924445534619
0.2	0.2749999999999999	0.8288950215452497	0.07901631153501971	0.8305267423882183	0.2860001890088069
0.2	0.3	0.9042491144129999	0.08619961258365831	0.8264837189689654	0.284607933464153
0.2	0.3249999999999999	0.9796032072807497	0.09338291363229681	0.8224406955497131	0.28321567791949925
0.2	0.35	1.0549573001485	0.1005662146809354	0.8183976721304594	0.28182342237484503
0.2	0.3749999999999999	1.1303113930162496	0.10774951572957389	0.8143546487111993	0.2804311668301886
0.2	0.3999999999999999	1.2056654858839997	0.11493281677821238	0.8103116252919452	0.27903891128553426
0.2	0.425	1.28101957875175	0.12211611782685099	0.806268601872691	0.27764665574087993
0.2	0.4499999999999999	1.3563736716194996	0.12929941887548946	0.802225578453426	0.2762544001962218
0.2	0.475	1.43172776448725	0.13648271992412805	0.7981825550341799	0.2748621446515702
0.2	0.4999999999999999	1.5070818573549996	0.14366602097276654	0.7941395316149242	0.27346988910691533
0.2	0.5249999999999999	1.5824359502227496	0.15084932202140502	0.7900965081956659	0.2720776335622595
0.2	0.5499999999999999	1.6577900430904997	0.15803262307004362	0.7860534847764096	0.2706853780176044
0.2	0.575	1.7331441359582498	0.1652159241186821	0.7820104613571587	0.2692931224729512
0.2	0.6	1.8084982288259999	0.17239922516732073	0.7779674379379039	0.26790086692829657
0.2	0.625	1.88385232169375	0.17958252621595922	0.7739244145186368	0.2665086113836378
0.2	0.6499999999999999	1.9592064145614998	0.1867658272646002	0.7698813910993743	0.2651163558389806
0.2	0.6749999999999999	2.0345605074292497	0.1939491283132362	0.7658383676801266	0.2637241002943284
0.2	0.7	2.109914600297	0.20113242936187686	0.7617953442608572	0.2623318447496688
0.2	0.725	2.18526869316475	0.20831573041051332	0.7577523208416106	0.26093958920501703
0.2	0.7499999999999999	2.2606227860324997	0.21549903145915358	0.7537092974223452	0.2595473336603588
0.2	0.7749999999999999	2.3359768789002495	0.22268233250779024	0.7496662740030995	0.2581550781157073
0.2	0.7999999999999999	2.411330971768	0.22986563355643044	0.7456232505838369	0.2567628225710501
0.2	0.825	2.4866850646357497	0.23704893460506735	0.7415802271645888	0.2553705670263978
0.2	0.85	2.5620391575035	0.24423223565370716	0.7375372037453243	0.2539783114817399
0.2	0.8749999999999999	2.63739325037125	0.25141553670234446	0.7334941803260806	0.2525860559370891
0.2	0.8999999999999999	2.7127473432389997	0.25859883775098397	0.729451156906823	0.2511938003924336
0.2	0.925	2.78810143610675	0.2657821387996215	0.7254081334875645	0.24980154484777772
0.2	0.95	2.8634555289745	0.2729654398482609	0.7213651100683149	0.24840928930312495
0.2	0.975	2.93880962184225	0.2801487408968986	0.717322086649055	0.24701703375846856
0.2	1.0	3.01416371471	0.28733204194553774	0.7132790632297964	0.2456247782138127
0.2	1.025	3.08951780757775	0.2902343858032061	0.7116455184141522	0.2450622507210975
0.2	1.0499999999999998	3.1648719004454993	0.2902343858032091	0.7116455184141444	0.24506225072109475
0.2	1.075	3.24022599331325	0.2902343858032061	0.7116455184141522	0.2450622507210975
0.2	1.1	3.3155800861810003	0.2902343858032091	0.7116455184141444	0.24506225072109475
0.2	1.125	3.39093417904875	0.2902343858032061	0.7116455184141522	0.2450622507210975
0.2	1.15	3.4662882719164996	0.2902343858032091	0.7116455184141444	0.24506225072109475
0.2	1.1749999999999998	3.5416423647842494	0.2902343858032061	0.7116455184141522	0.2450622507210975
0.2	1.2	3.6169964576519997	0.2902343858032091	0.7116455184141444	0.24506225072109475
