time_h	normalized_N_availability	model_growth_capacity_h-1	model_PHB_capacity_g_gDW_h	phase	source_model_SHA256	method
0.0	1.0	0.2873320419455377	0.2734698891069114	growth_to_N_depletion	42db34aeab6fc710202d47a917b8703d92565f47f0fc10346d79e10e7ffd1f7d	linear N trajectory; linear interpolation of exact-final-model N scan; N floor 0.025; alpha 0.10 pre-depletion; alpha 0.05 PHB plateau post-depletion
0.25	0.9916666666666667	0.284937608262658	0.2737019316976854	growth_to_N_depletion	42db34aeab6fc710202d47a917b8703d92565f47f0fc10346d79e10e7ffd1f7d	linear N trajectory; linear interpolation of exact-final-model N scan; N floor 0.025; alpha 0.10 pre-depletion; alpha 0.05 PHB plateau post-depletion
0.5	0.9833333333333333	0.2825431745797783	0.27393397428845945	growth_to_N_depletion	42db34aeab6fc710202d47a917b8703d92565f47f0fc10346d79e10e7ffd1f7d	linear N trajectory; linear interpolation of exact-final-model N scan; N floor 0.025; alpha 0.10 pre-depletion; alpha 0.05 PHB plateau post-depletion
0.75	0.975	0.2801487408968986	0.2741660168792335	growth_to_N_depletion	42db34aeab6fc710202d47a917b8703d92565f47f0fc10346d79e10e7ffd1f7d	linear N trajectory; linear interpolation of exact-final-model N scan; N floor 0.025; alpha 0.10 pre-depletion; alpha 0.05 PHB plateau post-depletion
1.0	0.9666666666666667	0.2777543072140194	0.2743980594700098	growth_to_N_depletion	42db34aeab6fc710202d47a917b8703d92565f47f0fc10346d79e10e7ffd1f7d	linear N trajectory; linear interpolation of exact-final-model N scan; N floor 0.025; alpha 0.10 pre-depletion; alpha 0.05 PHB plateau post-depletion
1.25	0.9583333333333334	0.27535987353114016	0.2746301020607861	growth_to_N_depletion	42db34aeab6fc710202d47a917b8703d92565f47f0fc10346d79e10e7ffd1f7d	linear N trajectory; linear interpolation of exact-final-model N scan; N floor 0.025; alpha 0.10 pre-depletion; alpha 0.05 PHB plateau post-depletion
1.5	0.95	0.2729654398482609	0.2748621446515624	growth_to_N_depletion	42db34aeab6fc710202d47a917b8703d92565f47f0fc10346d79e10e7ffd1f7d	linear N trajectory; linear interpolation of exact-final-model N scan; N floor 0.025; alpha 0.10 pre-depletion; alpha 0.05 PHB plateau post-depletion
1.75	0.9416666666666667	0.2705710061653811	0.27509418724233753	growth_to_N_depletion	42db34aeab6fc710202d47a917b8703d92565f47f0fc10346d79e10e7ffd1f7d	linear N trajectory; linear interpolation of exact-final-model N scan; N floor 0.025; alpha 0.10 pre-depletion; alpha 0.05 PHB plateau post-depletion
2.0	0.9333333333333333	0.26817657248250126	0.27532622983311267	growth_to_N_depletion	42db34aeab6fc710202d47a917b8703d92565f47f0fc10346d79e10e7ffd1f7d	linear N trajectory; linear interpolation of exact-final-model N scan; N floor 0.025; alpha 0.10 pre-depletion; alpha 0.05 PHB plateau post-depletion
2.25	0.925	0.2657821387996215	0.2755582724238878	growth_to_N_depletion	42db34aeab6fc710202d47a917b8703d92565f47f0fc10346d79e10e7ffd1f7d	linear N trajectory; linear interpolation of exact-final-model N scan; N floor 0.025; alpha 0.10 pre-depletion; alpha 0.05 PHB plateau post-depletion
2.5	0.9166666666666666	0.26338770511674225	0.27579031501466394	growth_to_N_depletion	42db34aeab6fc710202d47a917b8703d92565f47f0fc10346d79e10e7ffd1f7d	linear N trajectory; linear interpolation of exact-final-model N scan; N floor 0.025; alpha 0.10 pre-depletion; alpha 0.05 PHB plateau post-depletion
2.75	0.9083333333333333	0.26099327143386314	0.27602235760544014	growth_to_N_depletion	42db34aeab6fc710202d47a917b8703d92565f47f0fc10346d79e10e7ffd1f7d	linear N trajectory; linear interpolation of exact-final-model N scan; N floor 0.025; alpha 0.10 pre-depletion; alpha 0.05 PHB plateau post-depletion
3.0	0.9	0.25859883775098397	0.2762544001962163	growth_to_N_depletion	42db34aeab6fc710202d47a917b8703d92565f47f0fc10346d79e10e7ffd1f7d	linear N trajectory; linear interpolation of exact-final-model N scan; N floor 0.025; alpha 0.10 pre-depletion; alpha 0.05 PHB plateau post-depletion
3.25	0.8916666666666666	0.2562044040681041	0.2764864427869922	growth_to_N_depletion	42db34aeab6fc710202d47a917b8703d92565f47f0fc10346d79e10e7ffd1f7d	linear N trajectory; linear interpolation of exact-final-model N scan; N floor 0.025; alpha 0.10 pre-depletion; alpha 0.05 PHB plateau post-depletion
3.5	0.8833333333333333	0.25380997038522424	0.2767184853777681	growth_to_N_depletion	42db34aeab6fc710202d47a917b8703d92565f47f0fc10346d79e10e7ffd1f7d	linear N trajectory; linear interpolation of exact-final-model N scan; N floor 0.025; alpha 0.10 pre-depletion; alpha 0.05 PHB plateau post-depletion
3.75	0.875	0.25141553670234446	0.276950527968544	growth_to_N_depletion	42db34aeab6fc710202d47a917b8703d92565f47f0fc10346d79e10e7ffd1f7d	linear N trajectory; linear interpolation of exact-final-model N scan; N floor 0.025; alpha 0.10 pre-depletion; alpha 0.05 PHB plateau post-depletion
4.0	0.8666666666666667	0.24902110301946534	0.2771825705593196	growth_to_N_depletion	42db34aeab6fc710202d47a917b8703d92565f47f0fc10346d79e10e7ffd1f7d	linear N trajectory; linear interpolation of exact-final-model N scan; N floor 0.025; alpha 0.10 pre-depletion; alpha 0.05 PHB plateau post-depletion
4.25	0.8583333333333334	0.24662666933658622	0.2774146131500952	growth_to_N_depletion	42db34aeab6fc710202d47a917b8703d92565f47f0fc10346d79e10e7ffd1f7d	linear N trajectory; linear interpolation of exact-final-model N scan; N floor 0.025; alpha 0.10 pre-depletion; alpha 0.05 PHB plateau post-depletion
4.5	0.85	0.2442322356537071	0.2776466557408708	growth_to_N_depletion	42db34aeab6fc710202d47a917b8703d92565f47f0fc10346d79e10e7ffd1f7d	linear N trajectory; linear interpolation of exact-final-model N scan; N floor 0.025; alpha 0.10 pre-depletion; alpha 0.05 PHB plateau post-depletion
4.75	0.8416666666666667	0.2418378019708272	0.2778786983316465	growth_to_N_depletion	42db34aeab6fc710202d47a917b8703d92565f47f0fc10346d79e10e7ffd1f7d	linear N trajectory; linear interpolation of exact-final-model N scan; N floor 0.025; alpha 0.10 pre-depletion; alpha 0.05 PHB plateau post-depletion
5.0	0.8333333333333334	0.23944336828794724	0.27811074092242233	growth_to_N_depletion	42db34aeab6fc710202d47a917b8703d92565f47f0fc10346d79e10e7ffd1f7d	linear N trajectory; linear interpolation of exact-final-model N scan; N floor 0.025; alpha 0.10 pre-depletion; alpha 0.05 PHB plateau post-depletion
5.25	0.825	0.2370489346050673	0.2783427835131981	growth_to_N_depletion	42db34aeab6fc710202d47a917b8703d92565f47f0fc10346d79e10e7ffd1f7d	linear N trajectory; linear interpolation of exact-final-model N scan; N floor 0.025; alpha 0.10 pre-depletion; alpha 0.05 PHB plateau post-depletion
5.5	0.8166666666666667	0.23465450092218834	0.2785748261039736	growth_to_N_depletion	42db34aeab6fc710202d47a917b8703d92565f47f0fc10346d79e10e7ffd1f7d	linear N trajectory; linear interpolation of exact-final-model N scan; N floor 0.025; alpha 0.10 pre-depletion; alpha 0.05 PHB plateau post-depletion
5.75	0.8083333333333333	0.23226006723930936	0.2788068686947492	growth_to_N_depletion	42db34aeab6fc710202d47a917b8703d92565f47f0fc10346d79e10e7ffd1f7d	linear N trajectory; linear interpolation of exact-final-model N scan; N floor 0.025; alpha 0.10 pre-depletion; alpha 0.05 PHB plateau post-depletion
6.0	0.8	0.22986563355643042	0.2790389112855247	growth_to_N_depletion	42db34aeab6fc710202d47a917b8703d92565f47f0fc10346d79e10e7ffd1f7d	linear N trajectory; linear interpolation of exact-final-model N scan; N floor 0.025; alpha 0.10 pre-depletion; alpha 0.05 PHB plateau post-depletion
6.25	0.7916666666666666	0.22747119987355033	0.27927095387630096	growth_to_N_depletion	42db34aeab6fc710202d47a917b8703d92565f47f0fc10346d79e10e7ffd1f7d	linear N trajectory; linear interpolation of exact-final-model N scan; N floor 0.025; alpha 0.10 pre-depletion; alpha 0.05 PHB plateau post-depletion
6.5	0.7833333333333333	0.2250767661906703	0.27950299646707716	growth_to_N_depletion	42db34aeab6fc710202d47a917b8703d92565f47f0fc10346d79e10e7ffd1f7d	linear N trajectory; linear interpolation of exact-final-model N scan; N floor 0.025; alpha 0.10 pre-depletion; alpha 0.05 PHB plateau post-depletion
6.75	0.775	0.22268233250779024	0.2797350390578534	growth_to_N_depletion	42db34aeab6fc710202d47a917b8703d92565f47f0fc10346d79e10e7ffd1f7d	linear N trajectory; linear interpolation of exact-final-model N scan; N floor 0.025; alpha 0.10 pre-depletion; alpha 0.05 PHB plateau post-depletion
7.0	0.7666666666666666	0.22028789882491132	0.2799670816486283	growth_to_N_depletion	42db34aeab6fc710202d47a917b8703d92565f47f0fc10346d79e10e7ffd1f7d	linear N trajectory; linear interpolation of exact-final-model N scan; N floor 0.025; alpha 0.10 pre-depletion; alpha 0.05 PHB plateau post-depletion
7.25	0.7583333333333333	0.21789346514203242	0.2801991242394033	growth_to_N_depletion	42db34aeab6fc710202d47a917b8703d92565f47f0fc10346d79e10e7ffd1f7d	linear N trajectory; linear interpolation of exact-final-model N scan; N floor 0.025; alpha 0.10 pre-depletion; alpha 0.05 PHB plateau post-depletion
7.5	0.75	0.21549903145915353	0.2804311668301782	growth_to_N_depletion	42db34aeab6fc710202d47a917b8703d92565f47f0fc10346d79e10e7ffd1f7d	linear N trajectory; linear interpolation of exact-final-model N scan; N floor 0.025; alpha 0.10 pre-depletion; alpha 0.05 PHB plateau post-depletion
7.75	0.7416666666666667	0.21310459777627347	0.2806632094209544	growth_to_N_depletion	42db34aeab6fc710202d47a917b8703d92565f47f0fc10346d79e10e7ffd1f7d	linear N trajectory; linear interpolation of exact-final-model N scan; N floor 0.025; alpha 0.10 pre-depletion; alpha 0.05 PHB plateau post-depletion
8.0	0.7333333333333334	0.21071016409339338	0.2808952520117306	growth_to_N_depletion	42db34aeab6fc710202d47a917b8703d92565f47f0fc10346d79e10e7ffd1f7d	linear N trajectory; linear interpolation of exact-final-model N scan; N floor 0.025; alpha 0.10 pre-depletion; alpha 0.05 PHB plateau post-depletion
8.25	0.725	0.2083157304105133	0.2811272946025068	growth_to_N_depletion	42db34aeab6fc710202d47a917b8703d92565f47f0fc10346d79e10e7ffd1f7d	linear N trajectory; linear interpolation of exact-final-model N scan; N floor 0.025; alpha 0.10 pre-depletion; alpha 0.05 PHB plateau post-depletion
8.5	0.7166666666666667	0.20592129672763448	0.28135933719328243	growth_to_N_depletion	42db34aeab6fc710202d47a917b8703d92565f47f0fc10346d79e10e7ffd1f7d	linear N trajectory; linear interpolation of exact-final-model N scan; N floor 0.025; alpha 0.10 pre-depletion; alpha 0.05 PHB plateau post-depletion
8.75	0.7083333333333333	0.20352686304475562	0.28159137978405807	growth_to_N_depletion	42db34aeab6fc710202d47a917b8703d92565f47f0fc10346d79e10e7ffd1f7d	linear N trajectory; linear interpolation of exact-final-model N scan; N floor 0.025; alpha 0.10 pre-depletion; alpha 0.05 PHB plateau post-depletion
9.0	0.7	0.2011324293618768	0.2818234223748337	growth_to_N_depletion	42db34aeab6fc710202d47a917b8703d92565f47f0fc10346d79e10e7ffd1f7d	linear N trajectory; linear interpolation of exact-final-model N scan; N floor 0.025; alpha 0.10 pre-depletion; alpha 0.05 PHB plateau post-depletion
9.25	0.6916666666666667	0.1987379956789966	0.28205546496561146	growth_to_N_depletion	42db34aeab6fc710202d47a917b8703d92565f47f0fc10346d79e10e7ffd1f7d	linear N trajectory; linear interpolation of exact-final-model N scan; N floor 0.025; alpha 0.10 pre-depletion; alpha 0.05 PHB plateau post-depletion
9.5	0.6833333333333333	0.19634356199611644	0.28228750755638926	growth_to_N_depletion	42db34aeab6fc710202d47a917b8703d92565f47f0fc10346d79e10e7ffd1f7d	linear N trajectory; linear interpolation of exact-final-model N scan; N floor 0.025; alpha 0.10 pre-depletion; alpha 0.05 PHB plateau post-depletion
9.75	0.675	0.19394912831323624	0.282519550147167	growth_to_N_depletion	42db34aeab6fc710202d47a917b8703d92565f47f0fc10346d79e10e7ffd1f7d	linear N trajectory; linear interpolation of exact-final-model N scan; N floor 0.025; alpha 0.10 pre-depletion; alpha 0.05 PHB plateau post-depletion
10.0	0.6666666666666667	0.1915546946303576	0.2827515927379422	growth_to_N_depletion	42db34aeab6fc710202d47a917b8703d92565f47f0fc10346d79e10e7ffd1f7d	linear N trajectory; linear interpolation of exact-final-model N scan; N floor 0.025; alpha 0.10 pre-depletion; alpha 0.05 PHB plateau post-depletion
10.25	0.6583333333333333	0.1891602609474789	0.2829836353287174	growth_to_N_depletion	42db34aeab6fc710202d47a917b8703d92565f47f0fc10346d79e10e7ffd1f7d	linear N trajectory; linear interpolation of exact-final-model N scan; N floor 0.025; alpha 0.10 pre-depletion; alpha 0.05 PHB plateau post-depletion
10.5	0.65	0.18676582726460023	0.2832156779194926	growth_to_N_depletion	42db34aeab6fc710202d47a917b8703d92565f47f0fc10346d79e10e7ffd1f7d	linear N trajectory; linear interpolation of exact-final-model N scan; N floor 0.025; alpha 0.10 pre-depletion; alpha 0.05 PHB plateau post-depletion
10.75	0.6416666666666666	0.18437139358171986	0.28344772051026884	growth_to_N_depletion	42db34aeab6fc710202d47a917b8703d92565f47f0fc10346d79e10e7ffd1f7d	linear N trajectory; linear interpolation of exact-final-model N scan; N floor 0.025; alpha 0.10 pre-depletion; alpha 0.05 PHB plateau post-depletion
11.0	0.6333333333333333	0.18197695989883952	0.28367976310104515	growth_to_N_depletion	42db34aeab6fc710202d47a917b8703d92565f47f0fc10346d79e10e7ffd1f7d	linear N trajectory; linear interpolation of exact-final-model N scan; N floor 0.025; alpha 0.10 pre-depletion; alpha 0.05 PHB plateau post-depletion
11.25	0.625	0.1795825262159592	0.2839118056918214	growth_to_N_depletion	42db34aeab6fc710202d47a917b8703d92565f47f0fc10346d79e10e7ffd1f7d	linear N trajectory; linear interpolation of exact-final-model N scan; N floor 0.025; alpha 0.10 pre-depletion; alpha 0.05 PHB plateau post-depletion
11.5	0.6166666666666667	0.1771880925330797	0.28414384828259814	growth_to_N_depletion	42db34aeab6fc710202d47a917b8703d92565f47f0fc10346d79e10e7ffd1f7d	linear N trajectory; linear interpolation of exact-final-model N scan; N floor 0.025; alpha 0.10 pre-depletion; alpha 0.05 PHB plateau post-depletion
11.75	0.6083333333333334	0.1747936588502002	0.28437589087337484	growth_to_N_depletion	42db34aeab6fc710202d47a917b8703d92565f47f0fc10346d79e10e7ffd1f7d	linear N trajectory; linear interpolation of exact-final-model N scan; N floor 0.025; alpha 0.10 pre-depletion; alpha 0.05 PHB plateau post-depletion
12.0	0.6	0.1723992251673207	0.2846079334641516	growth_to_N_depletion	42db34aeab6fc710202d47a917b8703d92565f47f0fc10346d79e10e7ffd1f7d	linear N trajectory; linear interpolation of exact-final-model N scan; N floor 0.025; alpha 0.10 pre-depletion; alpha 0.05 PHB plateau post-depletion
12.25	0.5916666666666667	0.17000479148444117	0.2848399760549275	growth_to_N_depletion	42db34aeab6fc710202d47a917b8703d92565f47f0fc10346d79e10e7ffd1f7d	linear N trajectory; linear interpolation of exact-final-model N scan; N floor 0.025; alpha 0.10 pre-depletion; alpha 0.05 PHB plateau post-depletion
12.5	0.5833333333333333	0.16761035780156164	0.28507201864570336	growth_to_N_depletion	42db34aeab6fc710202d47a917b8703d92565f47f0fc10346d79e10e7ffd1f7d	linear N trajectory; linear interpolation of exact-final-model N scan; N floor 0.025; alpha 0.10 pre-depletion; alpha 0.05 PHB plateau post-depletion
12.75	0.575	0.1652159241186821	0.2853040612364793	growth_to_N_depletion	42db34aeab6fc710202d47a917b8703d92565f47f0fc10346d79e10e7ffd1f7d	linear N trajectory; linear interpolation of exact-final-model N scan; N floor 0.025; alpha 0.10 pre-depletion; alpha 0.05 PHB plateau post-depletion
13.0	0.5666666666666667	0.1628214904358026	0.2855361038272552	growth_to_N_depletion	42db34aeab6fc710202d47a917b8703d92565f47f0fc10346d79e10e7ffd1f7d	linear N trajectory; linear interpolation of exact-final-model N scan; N floor 0.025; alpha 0.10 pre-depletion; alpha 0.05 PHB plateau post-depletion
13.25	0.5583333333333333	0.16042705675292313	0.28576814641803117	growth_to_N_depletion	42db34aeab6fc710202d47a917b8703d92565f47f0fc10346d79e10e7ffd1f7d	linear N trajectory; linear interpolation of exact-final-model N scan; N floor 0.025; alpha 0.10 pre-depletion; alpha 0.05 PHB plateau post-depletion
13.5	0.55	0.15803262307004362	0.2860001890088071	growth_to_N_depletion	42db34aeab6fc710202d47a917b8703d92565f47f0fc10346d79e10e7ffd1f7d	linear N trajectory; linear interpolation of exact-final-model N scan; N floor 0.025; alpha 0.10 pre-depletion; alpha 0.05 PHB plateau post-depletion
13.75	0.5416666666666667	0.15563818938716412	0.28623223159958244	growth_to_N_depletion	42db34aeab6fc710202d47a917b8703d92565f47f0fc10346d79e10e7ffd1f7d	linear N trajectory; linear interpolation of exact-final-model N scan; N floor 0.025; alpha 0.10 pre-depletion; alpha 0.05 PHB plateau post-depletion
14.0	0.5333333333333333	0.15324375570428456	0.28646427419035775	growth_to_N_depletion	42db34aeab6fc710202d47a917b8703d92565f47f0fc10346d79e10e7ffd1f7d	linear N trajectory; linear interpolation of exact-final-model N scan; N floor 0.025; alpha 0.10 pre-depletion; alpha 0.05 PHB plateau post-depletion
14.25	0.525	0.15084932202140502	0.2866963167811331	growth_to_N_depletion	42db34aeab6fc710202d47a917b8703d92565f47f0fc10346d79e10e7ffd1f7d	linear N trajectory; linear interpolation of exact-final-model N scan; N floor 0.025; alpha 0.10 pre-depletion; alpha 0.05 PHB plateau post-depletion
14.5	0.5166666666666666	0.14845488833852552	0.28692835937190886	growth_to_N_depletion	42db34aeab6fc710202d47a917b8703d92565f47f0fc10346d79e10e7ffd1f7d	linear N trajectory; linear interpolation of exact-final-model N scan; N floor 0.025; alpha 0.10 pre-depletion; alpha 0.05 PHB plateau post-depletion
14.75	0.5083333333333333	0.14606045465564602	0.28716040196268455	growth_to_N_depletion	42db34aeab6fc710202d47a917b8703d92565f47f0fc10346d79e10e7ffd1f7d	linear N trajectory; linear interpolation of exact-final-model N scan; N floor 0.025; alpha 0.10 pre-depletion; alpha 0.05 PHB plateau post-depletion
15.0	0.5	0.14366602097276654	0.2873924445534603	growth_to_N_depletion	42db34aeab6fc710202d47a917b8703d92565f47f0fc10346d79e10e7ffd1f7d	linear N trajectory; linear interpolation of exact-final-model N scan; N floor 0.025; alpha 0.10 pre-depletion; alpha 0.05 PHB plateau post-depletion
15.25	0.4916666666666667	0.14127158728988704	0.2876244871442361	growth_to_N_depletion	42db34aeab6fc710202d47a917b8703d92565f47f0fc10346d79e10e7ffd1f7d	linear N trajectory; linear interpolation of exact-final-model N scan; N floor 0.025; alpha 0.10 pre-depletion; alpha 0.05 PHB plateau post-depletion
15.5	0.4833333333333333	0.1388771536070075	0.28785652973501197	growth_to_N_depletion	42db34aeab6fc710202d47a917b8703d92565f47f0fc10346d79e10e7ffd1f7d	linear N trajectory; linear interpolation of exact-final-model N scan; N floor 0.025; alpha 0.10 pre-depletion; alpha 0.05 PHB plateau post-depletion
15.75	0.475	0.136482719924128	0.2880885723257878	growth_to_N_depletion	42db34aeab6fc710202d47a917b8703d92565f47f0fc10346d79e10e7ffd1f7d	linear N trajectory; linear interpolation of exact-final-model N scan; N floor 0.025; alpha 0.10 pre-depletion; alpha 0.05 PHB plateau post-depletion
16.0	0.4666666666666667	0.1340882862412485	0.28832061491656347	growth_to_N_depletion	42db34aeab6fc710202d47a917b8703d92565f47f0fc10346d79e10e7ffd1f7d	linear N trajectory; linear interpolation of exact-final-model N scan; N floor 0.025; alpha 0.10 pre-depletion; alpha 0.05 PHB plateau post-depletion
16.25	0.45833333333333337	0.13169385255836896	0.2885526575073392	growth_to_N_depletion	42db34aeab6fc710202d47a917b8703d92565f47f0fc10346d79e10e7ffd1f7d	linear N trajectory; linear interpolation of exact-final-model N scan; N floor 0.025; alpha 0.10 pre-depletion; alpha 0.05 PHB plateau post-depletion
16.5	0.44999999999999996	0.12929941887548943	0.2887847000981149	growth_to_N_depletion	42db34aeab6fc710202d47a917b8703d92565f47f0fc10346d79e10e7ffd1f7d	linear N trajectory; linear interpolation of exact-final-model N scan; N floor 0.025; alpha 0.10 pre-depletion; alpha 0.05 PHB plateau post-depletion
16.75	0.44166666666666665	0.12690498519260993	0.28901674268889077	growth_to_N_depletion	42db34aeab6fc710202d47a917b8703d92565f47f0fc10346d79e10e7ffd1f7d	linear N trajectory; linear interpolation of exact-final-model N scan; N floor 0.025; alpha 0.10 pre-depletion; alpha 0.05 PHB plateau post-depletion
17.0	0.43333333333333335	0.12451055150973042	0.28924878527966663	growth_to_N_depletion	42db34aeab6fc710202d47a917b8703d92565f47f0fc10346d79e10e7ffd1f7d	linear N trajectory; linear interpolation of exact-final-model N scan; N floor 0.025; alpha 0.10 pre-depletion; alpha 0.05 PHB plateau post-depletion
17.25	0.42500000000000004	0.12211611782685092	0.2894808278704425	growth_to_N_depletion	42db34aeab6fc710202d47a917b8703d92565f47f0fc10346d79e10e7ffd1f7d	linear N trajectory; linear interpolation of exact-final-model N scan; N floor 0.025; alpha 0.10 pre-depletion; alpha 0.05 PHB plateau post-depletion
17.5	0.41666666666666663	0.11972168414397137	0.2897128704612186	growth_to_N_depletion	42db34aeab6fc710202d47a917b8703d92565f47f0fc10346d79e10e7ffd1f7d	linear N trajectory; linear interpolation of exact-final-model N scan; N floor 0.025; alpha 0.10 pre-depletion; alpha 0.05 PHB plateau post-depletion
17.75	0.4083333333333333	0.11732725046109185	0.2899449130519947	growth_to_N_depletion	42db34aeab6fc710202d47a917b8703d92565f47f0fc10346d79e10e7ffd1f7d	linear N trajectory; linear interpolation of exact-final-model N scan; N floor 0.025; alpha 0.10 pre-depletion; alpha 0.05 PHB plateau post-depletion
18.0	0.4	0.11493281677821232	0.2901769556427708	growth_to_N_depletion	42db34aeab6fc710202d47a917b8703d92565f47f0fc10346d79e10e7ffd1f7d	linear N trajectory; linear interpolation of exact-final-model N scan; N floor 0.025; alpha 0.10 pre-depletion; alpha 0.05 PHB plateau post-depletion
18.25	0.3916666666666667	0.11253838309533283	0.29040899823354666	growth_to_N_depletion	42db34aeab6fc710202d47a917b8703d92565f47f0fc10346d79e10e7ffd1f7d	linear N trajectory; linear interpolation of exact-final-model N scan; N floor 0.025; alpha 0.10 pre-depletion; alpha 0.05 PHB plateau post-depletion
18.5	0.3833333333333333	0.11014394941245331	0.2906410408243225	growth_to_N_depletion	42db34aeab6fc710202d47a917b8703d92565f47f0fc10346d79e10e7ffd1f7d	linear N trajectory; linear interpolation of exact-final-model N scan; N floor 0.025; alpha 0.10 pre-depletion; alpha 0.05 PHB plateau post-depletion
18.75	0.375	0.10774951572957382	0.2908730834150984	growth_to_N_depletion	42db34aeab6fc710202d47a917b8703d92565f47f0fc10346d79e10e7ffd1f7d	linear N trajectory; linear interpolation of exact-final-model N scan; N floor 0.025; alpha 0.10 pre-depletion; alpha 0.05 PHB plateau post-depletion
19.0	0.3666666666666667	0.10535508204669436	0.2911051260058743	growth_to_N_depletion	42db34aeab6fc710202d47a917b8703d92565f47f0fc10346d79e10e7ffd1f7d	linear N trajectory; linear interpolation of exact-final-model N scan; N floor 0.025; alpha 0.10 pre-depletion; alpha 0.05 PHB plateau post-depletion
19.25	0.3583333333333333	0.10296064836381487	0.2913371685966502	growth_to_N_depletion	42db34aeab6fc710202d47a917b8703d92565f47f0fc10346d79e10e7ffd1f7d	linear N trajectory; linear interpolation of exact-final-model N scan; N floor 0.025; alpha 0.10 pre-depletion; alpha 0.05 PHB plateau post-depletion
19.5	0.35	0.1005662146809354	0.2915692111874261	growth_to_N_depletion	42db34aeab6fc710202d47a917b8703d92565f47f0fc10346d79e10e7ffd1f7d	linear N trajectory; linear interpolation of exact-final-model N scan; N floor 0.025; alpha 0.10 pre-depletion; alpha 0.05 PHB plateau post-depletion
19.75	0.3416666666666667	0.09817178099805589	0.2918012537782016	growth_to_N_depletion	42db34aeab6fc710202d47a917b8703d92565f47f0fc10346d79e10e7ffd1f7d	linear N trajectory; linear interpolation of exact-final-model N scan; N floor 0.025; alpha 0.10 pre-depletion; alpha 0.05 PHB plateau post-depletion
20.0	0.33333333333333337	0.09577734731517637	0.2920332963689771	growth_to_N_depletion	42db34aeab6fc710202d47a917b8703d92565f47f0fc10346d79e10e7ffd1f7d	linear N trajectory; linear interpolation of exact-final-model N scan; N floor 0.025; alpha 0.10 pre-depletion; alpha 0.05 PHB plateau post-depletion
20.25	0.32499999999999996	0.09338291363229681	0.2922653389597526	growth_to_N_depletion	42db34aeab6fc710202d47a917b8703d92565f47f0fc10346d79e10e7ffd1f7d	linear N trajectory; linear interpolation of exact-final-model N scan; N floor 0.025; alpha 0.10 pre-depletion; alpha 0.05 PHB plateau post-depletion
20.5	0.31666666666666665	0.0909884799494173	0.2924973815505282	growth_to_N_depletion	42db34aeab6fc710202d47a917b8703d92565f47f0fc10346d79e10e7ffd1f7d	linear N trajectory; linear interpolation of exact-final-model N scan; N floor 0.025; alpha 0.10 pre-depletion; alpha 0.05 PHB plateau post-depletion
20.75	0.30833333333333335	0.08859404626653782	0.2927294241413037	growth_to_N_depletion	42db34aeab6fc710202d47a917b8703d92565f47f0fc10346d79e10e7ffd1f7d	linear N trajectory; linear interpolation of exact-final-model N scan; N floor 0.025; alpha 0.10 pre-depletion; alpha 0.05 PHB plateau post-depletion
21.0	0.30000000000000004	0.08619961258365831	0.2929614667320793	growth_to_N_depletion	42db34aeab6fc710202d47a917b8703d92565f47f0fc10346d79e10e7ffd1f7d	linear N trajectory; linear interpolation of exact-final-model N scan; N floor 0.025; alpha 0.10 pre-depletion; alpha 0.05 PHB plateau post-depletion
21.25	0.29166666666666663	0.08380517890077877	0.2931935093228553	growth_to_N_depletion	42db34aeab6fc710202d47a917b8703d92565f47f0fc10346d79e10e7ffd1f7d	linear N trajectory; linear interpolation of exact-final-model N scan; N floor 0.025; alpha 0.10 pre-depletion; alpha 0.05 PHB plateau post-depletion
21.5	0.2833333333333333	0.08141074521789925	0.2934255519136313	growth_to_N_depletion	42db34aeab6fc710202d47a917b8703d92565f47f0fc10346d79e10e7ffd1f7d	linear N trajectory; linear interpolation of exact-final-model N scan; N floor 0.025; alpha 0.10 pre-depletion; alpha 0.05 PHB plateau post-depletion
21.75	0.275	0.07901631153501973	0.2936575945044073	growth_to_N_depletion	42db34aeab6fc710202d47a917b8703d92565f47f0fc10346d79e10e7ffd1f7d	linear N trajectory; linear interpolation of exact-final-model N scan; N floor 0.025; alpha 0.10 pre-depletion; alpha 0.05 PHB plateau post-depletion
22.0	0.2666666666666667	0.07662187785214024	0.2938896370951828	growth_to_N_depletion	42db34aeab6fc710202d47a917b8703d92565f47f0fc10346d79e10e7ffd1f7d	linear N trajectory; linear interpolation of exact-final-model N scan; N floor 0.025; alpha 0.10 pre-depletion; alpha 0.05 PHB plateau post-depletion
22.25	0.2583333333333333	0.07422744416926072	0.2941216796859582	growth_to_N_depletion	42db34aeab6fc710202d47a917b8703d92565f47f0fc10346d79e10e7ffd1f7d	linear N trajectory; linear interpolation of exact-final-model N scan; N floor 0.025; alpha 0.10 pre-depletion; alpha 0.05 PHB plateau post-depletion
22.5	0.25	0.07183301048638123	0.2943537222767337	growth_to_N_depletion	42db34aeab6fc710202d47a917b8703d92565f47f0fc10346d79e10e7ffd1f7d	linear N trajectory; linear interpolation of exact-final-model N scan; N floor 0.025; alpha 0.10 pre-depletion; alpha 0.05 PHB plateau post-depletion
22.75	0.2416666666666667	0.06943857680350171	0.2945857648675101	growth_to_N_depletion	42db34aeab6fc710202d47a917b8703d92565f47f0fc10346d79e10e7ffd1f7d	linear N trajectory; linear interpolation of exact-final-model N scan; N floor 0.025; alpha 0.10 pre-depletion; alpha 0.05 PHB plateau post-depletion
23.0	0.23333333333333328	0.06704414312062215	0.2948178074582865	growth_to_N_depletion	42db34aeab6fc710202d47a917b8703d92565f47f0fc10346d79e10e7ffd1f7d	linear N trajectory; linear interpolation of exact-final-model N scan; N floor 0.025; alpha 0.10 pre-depletion; alpha 0.05 PHB plateau post-depletion
23.25	0.22499999999999998	0.06464970943774263	0.2950498500490629	growth_to_N_depletion	42db34aeab6fc710202d47a917b8703d92565f47f0fc10346d79e10e7ffd1f7d	linear N trajectory; linear interpolation of exact-final-model N scan; N floor 0.025; alpha 0.10 pre-depletion; alpha 0.05 PHB plateau post-depletion
23.5	0.21666666666666667	0.062255275754863136	0.29528189263983856	growth_to_N_depletion	42db34aeab6fc710202d47a917b8703d92565f47f0fc10346d79e10e7ffd1f7d	linear N trajectory; linear interpolation of exact-final-model N scan; N floor 0.025; alpha 0.10 pre-depletion; alpha 0.05 PHB plateau post-depletion
23.75	0.20833333333333337	0.05986084207198364	0.29551393523061426	growth_to_N_depletion	42db34aeab6fc710202d47a917b8703d92565f47f0fc10346d79e10e7ffd1f7d	linear N trajectory; linear interpolation of exact-final-model N scan; N floor 0.025; alpha 0.10 pre-depletion; alpha 0.05 PHB plateau post-depletion
24.0	0.19999999999999996	0.057466408389104114	0.2957459778213899	growth_to_N_depletion	42db34aeab6fc710202d47a917b8703d92565f47f0fc10346d79e10e7ffd1f7d	linear N trajectory; linear interpolation of exact-final-model N scan; N floor 0.025; alpha 0.10 pre-depletion; alpha 0.05 PHB plateau post-depletion
24.25	0.19166666666666665	0.055071974706224616	0.2959780204121653	growth_to_N_depletion	42db34aeab6fc710202d47a917b8703d92565f47f0fc10346d79e10e7ffd1f7d	linear N trajectory; linear interpolation of exact-final-model N scan; N floor 0.025; alpha 0.10 pre-depletion; alpha 0.05 PHB plateau post-depletion
24.5	0.18333333333333335	0.05267754102334512	0.2962100630029408	growth_to_N_depletion	42db34aeab6fc710202d47a917b8703d92565f47f0fc10346d79e10e7ffd1f7d	linear N trajectory; linear interpolation of exact-final-model N scan; N floor 0.025; alpha 0.10 pre-depletion; alpha 0.05 PHB plateau post-depletion
24.75	0.17500000000000004	0.050283107340465615	0.2964421055937162	growth_to_N_depletion	42db34aeab6fc710202d47a917b8703d92565f47f0fc10346d79e10e7ffd1f7d	linear N trajectory; linear interpolation of exact-final-model N scan; N floor 0.025; alpha 0.10 pre-depletion; alpha 0.05 PHB plateau post-depletion
25.0	0.16666666666666663	0.04788867365758606	0.2966741481844921	growth_to_N_depletion	42db34aeab6fc710202d47a917b8703d92565f47f0fc10346d79e10e7ffd1f7d	linear N trajectory; linear interpolation of exact-final-model N scan; N floor 0.025; alpha 0.10 pre-depletion; alpha 0.05 PHB plateau post-depletion
25.25	0.15833333333333333	0.04549423997470653	0.2969061907752681	growth_to_N_depletion	42db34aeab6fc710202d47a917b8703d92565f47f0fc10346d79e10e7ffd1f7d	linear N trajectory; linear interpolation of exact-final-model N scan; N floor 0.025; alpha 0.10 pre-depletion; alpha 0.05 PHB plateau post-depletion
25.5	0.15000000000000002	0.043099806291827004	0.297138233366044	growth_to_N_depletion	42db34aeab6fc710202d47a917b8703d92565f47f0fc10346d79e10e7ffd1f7d	linear N trajectory; linear interpolation of exact-final-model N scan; N floor 0.025; alpha 0.10 pre-depletion; alpha 0.05 PHB plateau post-depletion
25.75	0.14166666666666672	0.04070537260894752	0.2973702759568204	growth_to_N_depletion	42db34aeab6fc710202d47a917b8703d92565f47f0fc10346d79e10e7ffd1f7d	linear N trajectory; linear interpolation of exact-final-model N scan; N floor 0.025; alpha 0.10 pre-depletion; alpha 0.05 PHB plateau post-depletion
26.0	0.1333333333333333	0.03831093892606801	0.2976023185475969	growth_to_N_depletion	42db34aeab6fc710202d47a917b8703d92565f47f0fc10346d79e10e7ffd1f7d	linear N trajectory; linear interpolation of exact-final-model N scan; N floor 0.025; alpha 0.10 pre-depletion; alpha 0.05 PHB plateau post-depletion
26.25	0.125	0.035916505243188526	0.2978343611383733	growth_to_N_depletion	42db34aeab6fc710202d47a917b8703d92565f47f0fc10346d79e10e7ffd1f7d	linear N trajectory; linear interpolation of exact-final-model N scan; N floor 0.025; alpha 0.10 pre-depletion; alpha 0.05 PHB plateau post-depletion
26.5	0.1166666666666667	0.033522071560309	0.2980664037291483	growth_to_N_depletion	42db34aeab6fc710202d47a917b8703d92565f47f0fc10346d79e10e7ffd1f7d	linear N trajectory; linear interpolation of exact-final-model N scan; N floor 0.025; alpha 0.10 pre-depletion; alpha 0.05 PHB plateau post-depletion
26.75	0.10833333333333328	0.031127637877429448	0.2982984463199233	growth_to_N_depletion	42db34aeab6fc710202d47a917b8703d92565f47f0fc10346d79e10e7ffd1f7d	linear N trajectory; linear interpolation of exact-final-model N scan; N floor 0.025; alpha 0.10 pre-depletion; alpha 0.05 PHB plateau post-depletion
27.0	0.09999999999999998	0.028733204194549923	0.2985304889106983	growth_to_N_depletion	42db34aeab6fc710202d47a917b8703d92565f47f0fc10346d79e10e7ffd1f7d	linear N trajectory; linear interpolation of exact-final-model N scan; N floor 0.025; alpha 0.10 pre-depletion; alpha 0.05 PHB plateau post-depletion
27.25	0.09166666666666667	0.026338770511670422	0.29876253150147414	growth_to_N_depletion	42db34aeab6fc710202d47a917b8703d92565f47f0fc10346d79e10e7ffd1f7d	linear N trajectory; linear interpolation of exact-final-model N scan; N floor 0.025; alpha 0.10 pre-depletion; alpha 0.05 PHB plateau post-depletion
27.5	0.08333333333333337	0.02394433682879092	0.29899457409224994	growth_to_N_depletion	42db34aeab6fc710202d47a917b8703d92565f47f0fc10346d79e10e7ffd1f7d	linear N trajectory; linear interpolation of exact-final-model N scan; N floor 0.025; alpha 0.10 pre-depletion; alpha 0.05 PHB plateau post-depletion
27.75	0.07499999999999996	0.02154990314591139	0.2992266166830258	growth_to_N_depletion	42db34aeab6fc710202d47a917b8703d92565f47f0fc10346d79e10e7ffd1f7d	linear N trajectory; linear interpolation of exact-final-model N scan; N floor 0.025; alpha 0.10 pre-depletion; alpha 0.05 PHB plateau post-depletion
28.0	0.06666666666666665	0.019155469463031906	0.29945865927380105	growth_to_N_depletion	42db34aeab6fc710202d47a917b8703d92565f47f0fc10346d79e10e7ffd1f7d	linear N trajectory; linear interpolation of exact-final-model N scan; N floor 0.025; alpha 0.10 pre-depletion; alpha 0.05 PHB plateau post-depletion
28.25	0.05833333333333335	0.016761035780152426	0.29969070186457625	growth_to_N_depletion	42db34aeab6fc710202d47a917b8703d92565f47f0fc10346d79e10e7ffd1f7d	linear N trajectory; linear interpolation of exact-final-model N scan; N floor 0.025; alpha 0.10 pre-depletion; alpha 0.05 PHB plateau post-depletion
28.5	0.050000000000000044	0.014366602097272942	0.2999227444553515	growth_to_N_depletion	42db34aeab6fc710202d47a917b8703d92565f47f0fc10346d79e10e7ffd1f7d	linear N trajectory; linear interpolation of exact-final-model N scan; N floor 0.025; alpha 0.10 pre-depletion; alpha 0.05 PHB plateau post-depletion
28.75	0.04166666666666663	0.011972168414391419	0.3001547870461243	growth_to_N_depletion	42db34aeab6fc710202d47a917b8703d92565f47f0fc10346d79e10e7ffd1f7d	linear N trajectory; linear interpolation of exact-final-model N scan; N floor 0.025; alpha 0.10 pre-depletion; alpha 0.05 PHB plateau post-depletion
29.0	0.033333333333333326	0.009577734731509926	0.30038682963689717	growth_to_N_depletion	42db34aeab6fc710202d47a917b8703d92565f47f0fc10346d79e10e7ffd1f7d	linear N trajectory; linear interpolation of exact-final-model N scan; N floor 0.025; alpha 0.10 pre-depletion; alpha 0.05 PHB plateau post-depletion
29.25	0.025000000000000022	0.007183301048628435	0.30061887222767	growth_to_N_depletion	42db34aeab6fc710202d47a917b8703d92565f47f0fc10346d79e10e7ffd1f7d	linear N trajectory; linear interpolation of exact-final-model N scan; N floor 0.025; alpha 0.10 pre-depletion; alpha 0.05 PHB plateau post-depletion
29.5	0.01666666666666672	0.007183301048628429	0.30061887222767	growth_to_N_depletion	42db34aeab6fc710202d47a917b8703d92565f47f0fc10346d79e10e7ffd1f7d	linear N trajectory; linear interpolation of exact-final-model N scan; N floor 0.025; alpha 0.10 pre-depletion; alpha 0.05 PHB plateau post-depletion
29.75	0.008333333333333304	0.007183301048628429	0.30061887222767	growth_to_N_depletion	42db34aeab6fc710202d47a917b8703d92565f47f0fc10346d79e10e7ffd1f7d	linear N trajectory; linear interpolation of exact-final-model N scan; N floor 0.025; alpha 0.10 pre-depletion; alpha 0.05 PHB plateau post-depletion
30.0	0.0	0.007183301048628429	0.30061887222767	growth_to_N_depletion	42db34aeab6fc710202d47a917b8703d92565f47f0fc10346d79e10e7ffd1f7d	linear N trajectory; linear interpolation of exact-final-model N scan; N floor 0.025; alpha 0.10 pre-depletion; alpha 0.05 PHB plateau post-depletion
30.25	0.0	0.0	0.3009669396432997	N_depleted_storage	42db34aeab6fc710202d47a917b8703d92565f47f0fc10346d79e10e7ffd1f7d	linear N trajectory; linear interpolation of exact-final-model N scan; N floor 0.025; alpha 0.10 pre-depletion; alpha 0.05 PHB plateau post-depletion
30.5	0.0	0.0	0.3009669396432997	N_depleted_storage	42db34aeab6fc710202d47a917b8703d92565f47f0fc10346d79e10e7ffd1f7d	linear N trajectory; linear interpolation of exact-final-model N scan; N floor 0.025; alpha 0.10 pre-depletion; alpha 0.05 PHB plateau post-depletion
30.75	0.0	0.0	0.3009669396432997	N_depleted_storage	42db34aeab6fc710202d47a917b8703d92565f47f0fc10346d79e10e7ffd1f7d	linear N trajectory; linear interpolation of exact-final-model N scan; N floor 0.025; alpha 0.10 pre-depletion; alpha 0.05 PHB plateau post-depletion
31.0	0.0	0.0	0.3009669396432997	N_depleted_storage	42db34aeab6fc710202d47a917b8703d92565f47f0fc10346d79e10e7ffd1f7d	linear N trajectory; linear interpolation of exact-final-model N scan; N floor 0.025; alpha 0.10 pre-depletion; alpha 0.05 PHB plateau post-depletion
31.25	0.0	0.0	0.3009669396432997	N_depleted_storage	42db34aeab6fc710202d47a917b8703d92565f47f0fc10346d79e10e7ffd1f7d	linear N trajectory; linear interpolation of exact-final-model N scan; N floor 0.025; alpha 0.10 pre-depletion; alpha 0.05 PHB plateau post-depletion
31.5	0.0	0.0	0.3009669396432997	N_depleted_storage	42db34aeab6fc710202d47a917b8703d92565f47f0fc10346d79e10e7ffd1f7d	linear N trajectory; linear interpolation of exact-final-model N scan; N floor 0.025; alpha 0.10 pre-depletion; alpha 0.05 PHB plateau post-depletion
31.75	0.0	0.0	0.3009669396432997	N_depleted_storage	42db34aeab6fc710202d47a917b8703d92565f47f0fc10346d79e10e7ffd1f7d	linear N trajectory; linear interpolation of exact-final-model N scan; N floor 0.025; alpha 0.10 pre-depletion; alpha 0.05 PHB plateau post-depletion
32.0	0.0	0.0	0.3009669396432997	N_depleted_storage	42db34aeab6fc710202d47a917b8703d92565f47f0fc10346d79e10e7ffd1f7d	linear N trajectory; linear interpolation of exact-final-model N scan; N floor 0.025; alpha 0.10 pre-depletion; alpha 0.05 PHB plateau post-depletion
32.25	0.0	0.0	0.3009669396432997	N_depleted_storage	42db34aeab6fc710202d47a917b8703d92565f47f0fc10346d79e10e7ffd1f7d	linear N trajectory; linear interpolation of exact-final-model N scan; N floor 0.025; alpha 0.10 pre-depletion; alpha 0.05 PHB plateau post-depletion
32.5	0.0	0.0	0.3009669396432997	N_depleted_storage	42db34aeab6fc710202d47a917b8703d92565f47f0fc10346d79e10e7ffd1f7d	linear N trajectory; linear interpolation of exact-final-model N scan; N floor 0.025; alpha 0.10 pre-depletion; alpha 0.05 PHB plateau post-depletion
32.75	0.0	0.0	0.3009669396432997	N_depleted_storage	42db34aeab6fc710202d47a917b8703d92565f47f0fc10346d79e10e7ffd1f7d	linear N trajectory; linear interpolation of exact-final-model N scan; N floor 0.025; alpha 0.10 pre-depletion; alpha 0.05 PHB plateau post-depletion
33.0	0.0	0.0	0.3009669396432997	N_depleted_storage	42db34aeab6fc710202d47a917b8703d92565f47f0fc10346d79e10e7ffd1f7d	linear N trajectory; linear interpolation of exact-final-model N scan; N floor 0.025; alpha 0.10 pre-depletion; alpha 0.05 PHB plateau post-depletion
33.25	0.0	0.0	0.3009669396432997	N_depleted_storage	42db34aeab6fc710202d47a917b8703d92565f47f0fc10346d79e10e7ffd1f7d	linear N trajectory; linear interpolation of exact-final-model N scan; N floor 0.025; alpha 0.10 pre-depletion; alpha 0.05 PHB plateau post-depletion
33.5	0.0	0.0	0.3009669396432997	N_depleted_storage	42db34aeab6fc710202d47a917b8703d92565f47f0fc10346d79e10e7ffd1f7d	linear N trajectory; linear interpolation of exact-final-model N scan; N floor 0.025; alpha 0.10 pre-depletion; alpha 0.05 PHB plateau post-depletion
33.75	0.0	0.0	0.3009669396432997	N_depleted_storage	42db34aeab6fc710202d47a917b8703d92565f47f0fc10346d79e10e7ffd1f7d	linear N trajectory; linear interpolation of exact-final-model N scan; N floor 0.025; alpha 0.10 pre-depletion; alpha 0.05 PHB plateau post-depletion
34.0	0.0	0.0	0.3009669396432997	N_depleted_storage	42db34aeab6fc710202d47a917b8703d92565f47f0fc10346d79e10e7ffd1f7d	linear N trajectory; linear interpolation of exact-final-model N scan; N floor 0.025; alpha 0.10 pre-depletion; alpha 0.05 PHB plateau post-depletion
34.25	0.0	0.0	0.3009669396432997	N_depleted_storage	42db34aeab6fc710202d47a917b8703d92565f47f0fc10346d79e10e7ffd1f7d	linear N trajectory; linear interpolation of exact-final-model N scan; N floor 0.025; alpha 0.10 pre-depletion; alpha 0.05 PHB plateau post-depletion
34.5	0.0	0.0	0.3009669396432997	N_depleted_storage	42db34aeab6fc710202d47a917b8703d92565f47f0fc10346d79e10e7ffd1f7d	linear N trajectory; linear interpolation of exact-final-model N scan; N floor 0.025; alpha 0.10 pre-depletion; alpha 0.05 PHB plateau post-depletion
34.75	0.0	0.0	0.3009669396432997	N_depleted_storage	42db34aeab6fc710202d47a917b8703d92565f47f0fc10346d79e10e7ffd1f7d	linear N trajectory; linear interpolation of exact-final-model N scan; N floor 0.025; alpha 0.10 pre-depletion; alpha 0.05 PHB plateau post-depletion
35.0	0.0	0.0	0.3009669396432997	N_depleted_storage	42db34aeab6fc710202d47a917b8703d92565f47f0fc10346d79e10e7ffd1f7d	linear N trajectory; linear interpolation of exact-final-model N scan; N floor 0.025; alpha 0.10 pre-depletion; alpha 0.05 PHB plateau post-depletion
35.25	0.0	0.0	0.3009669396432997	N_depleted_storage	42db34aeab6fc710202d47a917b8703d92565f47f0fc10346d79e10e7ffd1f7d	linear N trajectory; linear interpolation of exact-final-model N scan; N floor 0.025; alpha 0.10 pre-depletion; alpha 0.05 PHB plateau post-depletion
35.5	0.0	0.0	0.3009669396432997	N_depleted_storage	42db34aeab6fc710202d47a917b8703d92565f47f0fc10346d79e10e7ffd1f7d	linear N trajectory; linear interpolation of exact-final-model N scan; N floor 0.025; alpha 0.10 pre-depletion; alpha 0.05 PHB plateau post-depletion
35.75	0.0	0.0	0.3009669396432997	N_depleted_storage	42db34aeab6fc710202d47a917b8703d92565f47f0fc10346d79e10e7ffd1f7d	linear N trajectory; linear interpolation of exact-final-model N scan; N floor 0.025; alpha 0.10 pre-depletion; alpha 0.05 PHB plateau post-depletion
36.0	0.0	0.0	0.3009669396432997	N_depleted_storage	42db34aeab6fc710202d47a917b8703d92565f47f0fc10346d79e10e7ffd1f7d	linear N trajectory; linear interpolation of exact-final-model N scan; N floor 0.025; alpha 0.10 pre-depletion; alpha 0.05 PHB plateau post-depletion
36.25	0.0	0.0	0.3009669396432997	N_depleted_storage	42db34aeab6fc710202d47a917b8703d92565f47f0fc10346d79e10e7ffd1f7d	linear N trajectory; linear interpolation of exact-final-model N scan; N floor 0.025; alpha 0.10 pre-depletion; alpha 0.05 PHB plateau post-depletion
36.5	0.0	0.0	0.3009669396432997	N_depleted_storage	42db34aeab6fc710202d47a917b8703d92565f47f0fc10346d79e10e7ffd1f7d	linear N trajectory; linear interpolation of exact-final-model N scan; N floor 0.025; alpha 0.10 pre-depletion; alpha 0.05 PHB plateau post-depletion
36.75	0.0	0.0	0.3009669396432997	N_depleted_storage	42db34aeab6fc710202d47a917b8703d92565f47f0fc10346d79e10e7ffd1f7d	linear N trajectory; linear interpolation of exact-final-model N scan; N floor 0.025; alpha 0.10 pre-depletion; alpha 0.05 PHB plateau post-depletion
37.0	0.0	0.0	0.3009669396432997	N_depleted_storage	42db34aeab6fc710202d47a917b8703d92565f47f0fc10346d79e10e7ffd1f7d	linear N trajectory; linear interpolation of exact-final-model N scan; N floor 0.025; alpha 0.10 pre-depletion; alpha 0.05 PHB plateau post-depletion
37.25	0.0	0.0	0.3009669396432997	N_depleted_storage	42db34aeab6fc710202d47a917b8703d92565f47f0fc10346d79e10e7ffd1f7d	linear N trajectory; linear interpolation of exact-final-model N scan; N floor 0.025; alpha 0.10 pre-depletion; alpha 0.05 PHB plateau post-depletion
37.5	0.0	0.0	0.3009669396432997	N_depleted_storage	42db34aeab6fc710202d47a917b8703d92565f47f0fc10346d79e10e7ffd1f7d	linear N trajectory; linear interpolation of exact-final-model N scan; N floor 0.025; alpha 0.10 pre-depletion; alpha 0.05 PHB plateau post-depletion
37.75	0.0	0.0	0.3009669396432997	N_depleted_storage	42db34aeab6fc710202d47a917b8703d92565f47f0fc10346d79e10e7ffd1f7d	linear N trajectory; linear interpolation of exact-final-model N scan; N floor 0.025; alpha 0.10 pre-depletion; alpha 0.05 PHB plateau post-depletion
38.0	0.0	0.0	0.3009669396432997	N_depleted_storage	42db34aeab6fc710202d47a917b8703d92565f47f0fc10346d79e10e7ffd1f7d	linear N trajectory; linear interpolation of exact-final-model N scan; N floor 0.025; alpha 0.10 pre-depletion; alpha 0.05 PHB plateau post-depletion
38.25	0.0	0.0	0.3009669396432997	N_depleted_storage	42db34aeab6fc710202d47a917b8703d92565f47f0fc10346d79e10e7ffd1f7d	linear N trajectory; linear interpolation of exact-final-model N scan; N floor 0.025; alpha 0.10 pre-depletion; alpha 0.05 PHB plateau post-depletion
38.5	0.0	0.0	0.3009669396432997	N_depleted_storage	42db34aeab6fc710202d47a917b8703d92565f47f0fc10346d79e10e7ffd1f7d	linear N trajectory; linear interpolation of exact-final-model N scan; N floor 0.025; alpha 0.10 pre-depletion; alpha 0.05 PHB plateau post-depletion
38.75	0.0	0.0	0.3009669396432997	N_depleted_storage	42db34aeab6fc710202d47a917b8703d92565f47f0fc10346d79e10e7ffd1f7d	linear N trajectory; linear interpolation of exact-final-model N scan; N floor 0.025; alpha 0.10 pre-depletion; alpha 0.05 PHB plateau post-depletion
39.0	0.0	0.0	0.3009669396432997	N_depleted_storage	42db34aeab6fc710202d47a917b8703d92565f47f0fc10346d79e10e7ffd1f7d	linear N trajectory; linear interpolation of exact-final-model N scan; N floor 0.025; alpha 0.10 pre-depletion; alpha 0.05 PHB plateau post-depletion
39.25	0.0	0.0	0.3009669396432997	N_depleted_storage	42db34aeab6fc710202d47a917b8703d92565f47f0fc10346d79e10e7ffd1f7d	linear N trajectory; linear interpolation of exact-final-model N scan; N floor 0.025; alpha 0.10 pre-depletion; alpha 0.05 PHB plateau post-depletion
39.5	0.0	0.0	0.3009669396432997	N_depleted_storage	42db34aeab6fc710202d47a917b8703d92565f47f0fc10346d79e10e7ffd1f7d	linear N trajectory; linear interpolation of exact-final-model N scan; N floor 0.025; alpha 0.10 pre-depletion; alpha 0.05 PHB plateau post-depletion
39.75	0.0	0.0	0.3009669396432997	N_depleted_storage	42db34aeab6fc710202d47a917b8703d92565f47f0fc10346d79e10e7ffd1f7d	linear N trajectory; linear interpolation of exact-final-model N scan; N floor 0.025; alpha 0.10 pre-depletion; alpha 0.05 PHB plateau post-depletion
40.0	0.0	0.0	0.3009669396432997	N_depleted_storage	42db34aeab6fc710202d47a917b8703d92565f47f0fc10346d79e10e7ffd1f7d	linear N trajectory; linear interpolation of exact-final-model N scan; N floor 0.025; alpha 0.10 pre-depletion; alpha 0.05 PHB plateau post-depletion
40.25	0.0	0.0	0.3009669396432997	N_depleted_storage	42db34aeab6fc710202d47a917b8703d92565f47f0fc10346d79e10e7ffd1f7d	linear N trajectory; linear interpolation of exact-final-model N scan; N floor 0.025; alpha 0.10 pre-depletion; alpha 0.05 PHB plateau post-depletion
40.5	0.0	0.0	0.3009669396432997	N_depleted_storage	42db34aeab6fc710202d47a917b8703d92565f47f0fc10346d79e10e7ffd1f7d	linear N trajectory; linear interpolation of exact-final-model N scan; N floor 0.025; alpha 0.10 pre-depletion; alpha 0.05 PHB plateau post-depletion
40.75	0.0	0.0	0.3009669396432997	N_depleted_storage	42db34aeab6fc710202d47a917b8703d92565f47f0fc10346d79e10e7ffd1f7d	linear N trajectory; linear interpolation of exact-final-model N scan; N floor 0.025; alpha 0.10 pre-depletion; alpha 0.05 PHB plateau post-depletion
41.0	0.0	0.0	0.3009669396432997	N_depleted_storage	42db34aeab6fc710202d47a917b8703d92565f47f0fc10346d79e10e7ffd1f7d	linear N trajectory; linear interpolation of exact-final-model N scan; N floor 0.025; alpha 0.10 pre-depletion; alpha 0.05 PHB plateau post-depletion
41.25	0.0	0.0	0.3009669396432997	N_depleted_storage	42db34aeab6fc710202d47a917b8703d92565f47f0fc10346d79e10e7ffd1f7d	linear N trajectory; linear interpolation of exact-final-model N scan; N floor 0.025; alpha 0.10 pre-depletion; alpha 0.05 PHB plateau post-depletion
41.5	0.0	0.0	0.3009669396432997	N_depleted_storage	42db34aeab6fc710202d47a917b8703d92565f47f0fc10346d79e10e7ffd1f7d	linear N trajectory; linear interpolation of exact-final-model N scan; N floor 0.025; alpha 0.10 pre-depletion; alpha 0.05 PHB plateau post-depletion
41.75	0.0	0.0	0.3009669396432997	N_depleted_storage	42db34aeab6fc710202d47a917b8703d92565f47f0fc10346d79e10e7ffd1f7d	linear N trajectory; linear interpolation of exact-final-model N scan; N floor 0.025; alpha 0.10 pre-depletion; alpha 0.05 PHB plateau post-depletion
42.0	0.0	0.0	0.3009669396432997	N_depleted_storage	42db34aeab6fc710202d47a917b8703d92565f47f0fc10346d79e10e7ffd1f7d	linear N trajectory; linear interpolation of exact-final-model N scan; N floor 0.025; alpha 0.10 pre-depletion; alpha 0.05 PHB plateau post-depletion
42.25	0.0	0.0	0.3009669396432997	N_depleted_storage	42db34aeab6fc710202d47a917b8703d92565f47f0fc10346d79e10e7ffd1f7d	linear N trajectory; linear interpolation of exact-final-model N scan; N floor 0.025; alpha 0.10 pre-depletion; alpha 0.05 PHB plateau post-depletion
42.5	0.0	0.0	0.3009669396432997	N_depleted_storage	42db34aeab6fc710202d47a917b8703d92565f47f0fc10346d79e10e7ffd1f7d	linear N trajectory; linear interpolation of exact-final-model N scan; N floor 0.025; alpha 0.10 pre-depletion; alpha 0.05 PHB plateau post-depletion
42.75	0.0	0.0	0.3009669396432997	N_depleted_storage	42db34aeab6fc710202d47a917b8703d92565f47f0fc10346d79e10e7ffd1f7d	linear N trajectory; linear interpolation of exact-final-model N scan; N floor 0.025; alpha 0.10 pre-depletion; alpha 0.05 PHB plateau post-depletion
43.0	0.0	0.0	0.3009669396432997	N_depleted_storage	42db34aeab6fc710202d47a917b8703d92565f47f0fc10346d79e10e7ffd1f7d	linear N trajectory; linear interpolation of exact-final-model N scan; N floor 0.025; alpha 0.10 pre-depletion; alpha 0.05 PHB plateau post-depletion
43.25	0.0	0.0	0.3009669396432997	N_depleted_storage	42db34aeab6fc710202d47a917b8703d92565f47f0fc10346d79e10e7ffd1f7d	linear N trajectory; linear interpolation of exact-final-model N scan; N floor 0.025; alpha 0.10 pre-depletion; alpha 0.05 PHB plateau post-depletion
43.5	0.0	0.0	0.3009669396432997	N_depleted_storage	42db34aeab6fc710202d47a917b8703d92565f47f0fc10346d79e10e7ffd1f7d	linear N trajectory; linear interpolation of exact-final-model N scan; N floor 0.025; alpha 0.10 pre-depletion; alpha 0.05 PHB plateau post-depletion
43.75	0.0	0.0	0.3009669396432997	N_depleted_storage	42db34aeab6fc710202d47a917b8703d92565f47f0fc10346d79e10e7ffd1f7d	linear N trajectory; linear interpolation of exact-final-model N scan; N floor 0.025; alpha 0.10 pre-depletion; alpha 0.05 PHB plateau post-depletion
44.0	0.0	0.0	0.3009669396432997	N_depleted_storage	42db34aeab6fc710202d47a917b8703d92565f47f0fc10346d79e10e7ffd1f7d	linear N trajectory; linear interpolation of exact-final-model N scan; N floor 0.025; alpha 0.10 pre-depletion; alpha 0.05 PHB plateau post-depletion
44.25	0.0	0.0	0.3009669396432997	N_depleted_storage	42db34aeab6fc710202d47a917b8703d92565f47f0fc10346d79e10e7ffd1f7d	linear N trajectory; linear interpolation of exact-final-model N scan; N floor 0.025; alpha 0.10 pre-depletion; alpha 0.05 PHB plateau post-depletion
44.5	0.0	0.0	0.3009669396432997	N_depleted_storage	42db34aeab6fc710202d47a917b8703d92565f47f0fc10346d79e10e7ffd1f7d	linear N trajectory; linear interpolation of exact-final-model N scan; N floor 0.025; alpha 0.10 pre-depletion; alpha 0.05 PHB plateau post-depletion
44.75	0.0	0.0	0.3009669396432997	N_depleted_storage	42db34aeab6fc710202d47a917b8703d92565f47f0fc10346d79e10e7ffd1f7d	linear N trajectory; linear interpolation of exact-final-model N scan; N floor 0.025; alpha 0.10 pre-depletion; alpha 0.05 PHB plateau post-depletion
45.0	0.0	0.0	0.3009669396432997	N_depleted_storage	42db34aeab6fc710202d47a917b8703d92565f47f0fc10346d79e10e7ffd1f7d	linear N trajectory; linear interpolation of exact-final-model N scan; N floor 0.025; alpha 0.10 pre-depletion; alpha 0.05 PHB plateau post-depletion
45.25	0.0	0.0	0.3009669396432997	N_depleted_storage	42db34aeab6fc710202d47a917b8703d92565f47f0fc10346d79e10e7ffd1f7d	linear N trajectory; linear interpolation of exact-final-model N scan; N floor 0.025; alpha 0.10 pre-depletion; alpha 0.05 PHB plateau post-depletion
45.5	0.0	0.0	0.3009669396432997	N_depleted_storage	42db34aeab6fc710202d47a917b8703d92565f47f0fc10346d79e10e7ffd1f7d	linear N trajectory; linear interpolation of exact-final-model N scan; N floor 0.025; alpha 0.10 pre-depletion; alpha 0.05 PHB plateau post-depletion
45.75	0.0	0.0	0.3009669396432997	N_depleted_storage	42db34aeab6fc710202d47a917b8703d92565f47f0fc10346d79e10e7ffd1f7d	linear N trajectory; linear interpolation of exact-final-model N scan; N floor 0.025; alpha 0.10 pre-depletion; alpha 0.05 PHB plateau post-depletion
46.0	0.0	0.0	0.3009669396432997	N_depleted_storage	42db34aeab6fc710202d47a917b8703d92565f47f0fc10346d79e10e7ffd1f7d	linear N trajectory; linear interpolation of exact-final-model N scan; N floor 0.025; alpha 0.10 pre-depletion; alpha 0.05 PHB plateau post-depletion
46.25	0.0	0.0	0.3009669396432997	N_depleted_storage	42db34aeab6fc710202d47a917b8703d92565f47f0fc10346d79e10e7ffd1f7d	linear N trajectory; linear interpolation of exact-final-model N scan; N floor 0.025; alpha 0.10 pre-depletion; alpha 0.05 PHB plateau post-depletion
46.5	0.0	0.0	0.3009669396432997	N_depleted_storage	42db34aeab6fc710202d47a917b8703d92565f47f0fc10346d79e10e7ffd1f7d	linear N trajectory; linear interpolation of exact-final-model N scan; N floor 0.025; alpha 0.10 pre-depletion; alpha 0.05 PHB plateau post-depletion
46.75	0.0	0.0	0.3009669396432997	N_depleted_storage	42db34aeab6fc710202d47a917b8703d92565f47f0fc10346d79e10e7ffd1f7d	linear N trajectory; linear interpolation of exact-final-model N scan; N floor 0.025; alpha 0.10 pre-depletion; alpha 0.05 PHB plateau post-depletion
47.0	0.0	0.0	0.3009669396432997	N_depleted_storage	42db34aeab6fc710202d47a917b8703d92565f47f0fc10346d79e10e7ffd1f7d	linear N trajectory; linear interpolation of exact-final-model N scan; N floor 0.025; alpha 0.10 pre-depletion; alpha 0.05 PHB plateau post-depletion
47.25	0.0	0.0	0.3009669396432997	N_depleted_storage	42db34aeab6fc710202d47a917b8703d92565f47f0fc10346d79e10e7ffd1f7d	linear N trajectory; linear interpolation of exact-final-model N scan; N floor 0.025; alpha 0.10 pre-depletion; alpha 0.05 PHB plateau post-depletion
47.5	0.0	0.0	0.3009669396432997	N_depleted_storage	42db34aeab6fc710202d47a917b8703d92565f47f0fc10346d79e10e7ffd1f7d	linear N trajectory; linear interpolation of exact-final-model N scan; N floor 0.025; alpha 0.10 pre-depletion; alpha 0.05 PHB plateau post-depletion
47.75	0.0	0.0	0.3009669396432997	N_depleted_storage	42db34aeab6fc710202d47a917b8703d92565f47f0fc10346d79e10e7ffd1f7d	linear N trajectory; linear interpolation of exact-final-model N scan; N floor 0.025; alpha 0.10 pre-depletion; alpha 0.05 PHB plateau post-depletion
48.0	0.0	0.0	0.3009669396432997	N_depleted_storage	42db34aeab6fc710202d47a917b8703d92565f47f0fc10346d79e10e7ffd1f7d	linear N trajectory; linear interpolation of exact-final-model N scan; N floor 0.025; alpha 0.10 pre-depletion; alpha 0.05 PHB plateau post-depletion
48.25	0.0	0.0	0.3009669396432997	N_depleted_storage	42db34aeab6fc710202d47a917b8703d92565f47f0fc10346d79e10e7ffd1f7d	linear N trajectory; linear interpolation of exact-final-model N scan; N floor 0.025; alpha 0.10 pre-depletion; alpha 0.05 PHB plateau post-depletion
48.5	0.0	0.0	0.3009669396432997	N_depleted_storage	42db34aeab6fc710202d47a917b8703d92565f47f0fc10346d79e10e7ffd1f7d	linear N trajectory; linear interpolation of exact-final-model N scan; N floor 0.025; alpha 0.10 pre-depletion; alpha 0.05 PHB plateau post-depletion
48.75	0.0	0.0	0.3009669396432997	N_depleted_storage	42db34aeab6fc710202d47a917b8703d92565f47f0fc10346d79e10e7ffd1f7d	linear N trajectory; linear interpolation of exact-final-model N scan; N floor 0.025; alpha 0.10 pre-depletion; alpha 0.05 PHB plateau post-depletion
49.0	0.0	0.0	0.3009669396432997	N_depleted_storage	42db34aeab6fc710202d47a917b8703d92565f47f0fc10346d79e10e7ffd1f7d	linear N trajectory; linear interpolation of exact-final-model N scan; N floor 0.025; alpha 0.10 pre-depletion; alpha 0.05 PHB plateau post-depletion
49.25	0.0	0.0	0.3009669396432997	N_depleted_storage	42db34aeab6fc710202d47a917b8703d92565f47f0fc10346d79e10e7ffd1f7d	linear N trajectory; linear interpolation of exact-final-model N scan; N floor 0.025; alpha 0.10 pre-depletion; alpha 0.05 PHB plateau post-depletion
49.5	0.0	0.0	0.3009669396432997	N_depleted_storage	42db34aeab6fc710202d47a917b8703d92565f47f0fc10346d79e10e7ffd1f7d	linear N trajectory; linear interpolation of exact-final-model N scan; N floor 0.025; alpha 0.10 pre-depletion; alpha 0.05 PHB plateau post-depletion
49.75	0.0	0.0	0.3009669396432997	N_depleted_storage	42db34aeab6fc710202d47a917b8703d92565f47f0fc10346d79e10e7ffd1f7d	linear N trajectory; linear interpolation of exact-final-model N scan; N floor 0.025; alpha 0.10 pre-depletion; alpha 0.05 PHB plateau post-depletion
50.0	0.0	0.0	0.3009669396432997	N_depleted_storage	42db34aeab6fc710202d47a917b8703d92565f47f0fc10346d79e10e7ffd1f7d	linear N trajectory; linear interpolation of exact-final-model N scan; N floor 0.025; alpha 0.10 pre-depletion; alpha 0.05 PHB plateau post-depletion
50.25	0.0	0.0	0.3009669396432997	N_depleted_storage	42db34aeab6fc710202d47a917b8703d92565f47f0fc10346d79e10e7ffd1f7d	linear N trajectory; linear interpolation of exact-final-model N scan; N floor 0.025; alpha 0.10 pre-depletion; alpha 0.05 PHB plateau post-depletion
50.5	0.0	0.0	0.3009669396432997	N_depleted_storage	42db34aeab6fc710202d47a917b8703d92565f47f0fc10346d79e10e7ffd1f7d	linear N trajectory; linear interpolation of exact-final-model N scan; N floor 0.025; alpha 0.10 pre-depletion; alpha 0.05 PHB plateau post-depletion
50.75	0.0	0.0	0.3009669396432997	N_depleted_storage	42db34aeab6fc710202d47a917b8703d92565f47f0fc10346d79e10e7ffd1f7d	linear N trajectory; linear interpolation of exact-final-model N scan; N floor 0.025; alpha 0.10 pre-depletion; alpha 0.05 PHB plateau post-depletion
51.0	0.0	0.0	0.3009669396432997	N_depleted_storage	42db34aeab6fc710202d47a917b8703d92565f47f0fc10346d79e10e7ffd1f7d	linear N trajectory; linear interpolation of exact-final-model N scan; N floor 0.025; alpha 0.10 pre-depletion; alpha 0.05 PHB plateau post-depletion
51.25	0.0	0.0	0.3009669396432997	N_depleted_storage	42db34aeab6fc710202d47a917b8703d92565f47f0fc10346d79e10e7ffd1f7d	linear N trajectory; linear interpolation of exact-final-model N scan; N floor 0.025; alpha 0.10 pre-depletion; alpha 0.05 PHB plateau post-depletion
51.5	0.0	0.0	0.3009669396432997	N_depleted_storage	42db34aeab6fc710202d47a917b8703d92565f47f0fc10346d79e10e7ffd1f7d	linear N trajectory; linear interpolation of exact-final-model N scan; N floor 0.025; alpha 0.10 pre-depletion; alpha 0.05 PHB plateau post-depletion
51.75	0.0	0.0	0.3009669396432997	N_depleted_storage	42db34aeab6fc710202d47a917b8703d92565f47f0fc10346d79e10e7ffd1f7d	linear N trajectory; linear interpolation of exact-final-model N scan; N floor 0.025; alpha 0.10 pre-depletion; alpha 0.05 PHB plateau post-depletion
52.0	0.0	0.0	0.3009669396432997	N_depleted_storage	42db34aeab6fc710202d47a917b8703d92565f47f0fc10346d79e10e7ffd1f7d	linear N trajectory; linear interpolation of exact-final-model N scan; N floor 0.025; alpha 0.10 pre-depletion; alpha 0.05 PHB plateau post-depletion
52.25	0.0	0.0	0.3009669396432997	N_depleted_storage	42db34aeab6fc710202d47a917b8703d92565f47f0fc10346d79e10e7ffd1f7d	linear N trajectory; linear interpolation of exact-final-model N scan; N floor 0.025; alpha 0.10 pre-depletion; alpha 0.05 PHB plateau post-depletion
52.5	0.0	0.0	0.3009669396432997	N_depleted_storage	42db34aeab6fc710202d47a917b8703d92565f47f0fc10346d79e10e7ffd1f7d	linear N trajectory; linear interpolation of exact-final-model N scan; N floor 0.025; alpha 0.10 pre-depletion; alpha 0.05 PHB plateau post-depletion
52.75	0.0	0.0	0.3009669396432997	N_depleted_storage	42db34aeab6fc710202d47a917b8703d92565f47f0fc10346d79e10e7ffd1f7d	linear N trajectory; linear interpolation of exact-final-model N scan; N floor 0.025; alpha 0.10 pre-depletion; alpha 0.05 PHB plateau post-depletion
53.0	0.0	0.0	0.3009669396432997	N_depleted_storage	42db34aeab6fc710202d47a917b8703d92565f47f0fc10346d79e10e7ffd1f7d	linear N trajectory; linear interpolation of exact-final-model N scan; N floor 0.025; alpha 0.10 pre-depletion; alpha 0.05 PHB plateau post-depletion
53.25	0.0	0.0	0.3009669396432997	N_depleted_storage	42db34aeab6fc710202d47a917b8703d92565f47f0fc10346d79e10e7ffd1f7d	linear N trajectory; linear interpolation of exact-final-model N scan; N floor 0.025; alpha 0.10 pre-depletion; alpha 0.05 PHB plateau post-depletion
53.5	0.0	0.0	0.3009669396432997	N_depleted_storage	42db34aeab6fc710202d47a917b8703d92565f47f0fc10346d79e10e7ffd1f7d	linear N trajectory; linear interpolation of exact-final-model N scan; N floor 0.025; alpha 0.10 pre-depletion; alpha 0.05 PHB plateau post-depletion
53.75	0.0	0.0	0.3009669396432997	N_depleted_storage	42db34aeab6fc710202d47a917b8703d92565f47f0fc10346d79e10e7ffd1f7d	linear N trajectory; linear interpolation of exact-final-model N scan; N floor 0.025; alpha 0.10 pre-depletion; alpha 0.05 PHB plateau post-depletion
54.0	0.0	0.0	0.3009669396432997	N_depleted_storage	42db34aeab6fc710202d47a917b8703d92565f47f0fc10346d79e10e7ffd1f7d	linear N trajectory; linear interpolation of exact-final-model N scan; N floor 0.025; alpha 0.10 pre-depletion; alpha 0.05 PHB plateau post-depletion
54.25	0.0	0.0	0.3009669396432997	N_depleted_storage	42db34aeab6fc710202d47a917b8703d92565f47f0fc10346d79e10e7ffd1f7d	linear N trajectory; linear interpolation of exact-final-model N scan; N floor 0.025; alpha 0.10 pre-depletion; alpha 0.05 PHB plateau post-depletion
54.5	0.0	0.0	0.3009669396432997	N_depleted_storage	42db34aeab6fc710202d47a917b8703d92565f47f0fc10346d79e10e7ffd1f7d	linear N trajectory; linear interpolation of exact-final-model N scan; N floor 0.025; alpha 0.10 pre-depletion; alpha 0.05 PHB plateau post-depletion
54.75	0.0	0.0	0.3009669396432997	N_depleted_storage	42db34aeab6fc710202d47a917b8703d92565f47f0fc10346d79e10e7ffd1f7d	linear N trajectory; linear interpolation of exact-final-model N scan; N floor 0.025; alpha 0.10 pre-depletion; alpha 0.05 PHB plateau post-depletion
55.0	0.0	0.0	0.3009669396432997	N_depleted_storage	42db34aeab6fc710202d47a917b8703d92565f47f0fc10346d79e10e7ffd1f7d	linear N trajectory; linear interpolation of exact-final-model N scan; N floor 0.025; alpha 0.10 pre-depletion; alpha 0.05 PHB plateau post-depletion
55.25	0.0	0.0	0.3009669396432997	N_depleted_storage	42db34aeab6fc710202d47a917b8703d92565f47f0fc10346d79e10e7ffd1f7d	linear N trajectory; linear interpolation of exact-final-model N scan; N floor 0.025; alpha 0.10 pre-depletion; alpha 0.05 PHB plateau post-depletion
55.5	0.0	0.0	0.3009669396432997	N_depleted_storage	42db34aeab6fc710202d47a917b8703d92565f47f0fc10346d79e10e7ffd1f7d	linear N trajectory; linear interpolation of exact-final-model N scan; N floor 0.025; alpha 0.10 pre-depletion; alpha 0.05 PHB plateau post-depletion
55.75	0.0	0.0	0.3009669396432997	N_depleted_storage	42db34aeab6fc710202d47a917b8703d92565f47f0fc10346d79e10e7ffd1f7d	linear N trajectory; linear interpolation of exact-final-model N scan; N floor 0.025; alpha 0.10 pre-depletion; alpha 0.05 PHB plateau post-depletion
56.0	0.0	0.0	0.3009669396432997	N_depleted_storage	42db34aeab6fc710202d47a917b8703d92565f47f0fc10346d79e10e7ffd1f7d	linear N trajectory; linear interpolation of exact-final-model N scan; N floor 0.025; alpha 0.10 pre-depletion; alpha 0.05 PHB plateau post-depletion
56.25	0.0	0.0	0.3009669396432997	N_depleted_storage	42db34aeab6fc710202d47a917b8703d92565f47f0fc10346d79e10e7ffd1f7d	linear N trajectory; linear interpolation of exact-final-model N scan; N floor 0.025; alpha 0.10 pre-depletion; alpha 0.05 PHB plateau post-depletion
56.5	0.0	0.0	0.3009669396432997	N_depleted_storage	42db34aeab6fc710202d47a917b8703d92565f47f0fc10346d79e10e7ffd1f7d	linear N trajectory; linear interpolation of exact-final-model N scan; N floor 0.025; alpha 0.10 pre-depletion; alpha 0.05 PHB plateau post-depletion
56.75	0.0	0.0	0.3009669396432997	N_depleted_storage	42db34aeab6fc710202d47a917b8703d92565f47f0fc10346d79e10e7ffd1f7d	linear N trajectory; linear interpolation of exact-final-model N scan; N floor 0.025; alpha 0.10 pre-depletion; alpha 0.05 PHB plateau post-depletion
57.0	0.0	0.0	0.3009669396432997	N_depleted_storage	42db34aeab6fc710202d47a917b8703d92565f47f0fc10346d79e10e7ffd1f7d	linear N trajectory; linear interpolation of exact-final-model N scan; N floor 0.025; alpha 0.10 pre-depletion; alpha 0.05 PHB plateau post-depletion
57.25	0.0	0.0	0.3009669396432997	N_depleted_storage	42db34aeab6fc710202d47a917b8703d92565f47f0fc10346d79e10e7ffd1f7d	linear N trajectory; linear interpolation of exact-final-model N scan; N floor 0.025; alpha 0.10 pre-depletion; alpha 0.05 PHB plateau post-depletion
57.5	0.0	0.0	0.3009669396432997	N_depleted_storage	42db34aeab6fc710202d47a917b8703d92565f47f0fc10346d79e10e7ffd1f7d	linear N trajectory; linear interpolation of exact-final-model N scan; N floor 0.025; alpha 0.10 pre-depletion; alpha 0.05 PHB plateau post-depletion
57.75	0.0	0.0	0.3009669396432997	N_depleted_storage	42db34aeab6fc710202d47a917b8703d92565f47f0fc10346d79e10e7ffd1f7d	linear N trajectory; linear interpolation of exact-final-model N scan; N floor 0.025; alpha 0.10 pre-depletion; alpha 0.05 PHB plateau post-depletion
58.0	0.0	0.0	0.3009669396432997	N_depleted_storage	42db34aeab6fc710202d47a917b8703d92565f47f0fc10346d79e10e7ffd1f7d	linear N trajectory; linear interpolation of exact-final-model N scan; N floor 0.025; alpha 0.10 pre-depletion; alpha 0.05 PHB plateau post-depletion
58.25	0.0	0.0	0.3009669396432997	N_depleted_storage	42db34aeab6fc710202d47a917b8703d92565f47f0fc10346d79e10e7ffd1f7d	linear N trajectory; linear interpolation of exact-final-model N scan; N floor 0.025; alpha 0.10 pre-depletion; alpha 0.05 PHB plateau post-depletion
58.5	0.0	0.0	0.3009669396432997	N_depleted_storage	42db34aeab6fc710202d47a917b8703d92565f47f0fc10346d79e10e7ffd1f7d	linear N trajectory; linear interpolation of exact-final-model N scan; N floor 0.025; alpha 0.10 pre-depletion; alpha 0.05 PHB plateau post-depletion
58.75	0.0	0.0	0.3009669396432997	N_depleted_storage	42db34aeab6fc710202d47a917b8703d92565f47f0fc10346d79e10e7ffd1f7d	linear N trajectory; linear interpolation of exact-final-model N scan; N floor 0.025; alpha 0.10 pre-depletion; alpha 0.05 PHB plateau post-depletion
59.0	0.0	0.0	0.3009669396432997	N_depleted_storage	42db34aeab6fc710202d47a917b8703d92565f47f0fc10346d79e10e7ffd1f7d	linear N trajectory; linear interpolation of exact-final-model N scan; N floor 0.025; alpha 0.10 pre-depletion; alpha 0.05 PHB plateau post-depletion
59.25	0.0	0.0	0.3009669396432997	N_depleted_storage	42db34aeab6fc710202d47a917b8703d92565f47f0fc10346d79e10e7ffd1f7d	linear N trajectory; linear interpolation of exact-final-model N scan; N floor 0.025; alpha 0.10 pre-depletion; alpha 0.05 PHB plateau post-depletion
59.5	0.0	0.0	0.3009669396432997	N_depleted_storage	42db34aeab6fc710202d47a917b8703d92565f47f0fc10346d79e10e7ffd1f7d	linear N trajectory; linear interpolation of exact-final-model N scan; N floor 0.025; alpha 0.10 pre-depletion; alpha 0.05 PHB plateau post-depletion
59.75	0.0	0.0	0.3009669396432997	N_depleted_storage	42db34aeab6fc710202d47a917b8703d92565f47f0fc10346d79e10e7ffd1f7d	linear N trajectory; linear interpolation of exact-final-model N scan; N floor 0.025; alpha 0.10 pre-depletion; alpha 0.05 PHB plateau post-depletion
60.0	0.0	0.0	0.3009669396432997	N_depleted_storage	42db34aeab6fc710202d47a917b8703d92565f47f0fc10346d79e10e7ffd1f7d	linear N trajectory; linear interpolation of exact-final-model N scan; N floor 0.025; alpha 0.10 pre-depletion; alpha 0.05 PHB plateau post-depletion
