state	O2_fraction	O2_capacity_mmol_gDW_h	condition_mu_max_h_1	residual_growth_requirement_h_1	optimal_PHB_flux	optimal_PHB_mass_rate	reaction_id	reaction_name	flux	reported_flux
Low O2	0.05	0.23920973489005465	0.11264448807554635	0.011264448807554636	0.7514661706436939	0.25877489052286246	R_EX_glc__D_e	EX_glc__D_e	-2.8	2.8
Low O2	0.05	0.23920973489005465	0.11264448807554635	0.011264448807554636	0.7514661706436939	0.25877489052286246	R_EX_o2_e	EX_o2_e	-0.23920973489005465	0.23920973489005465
Low O2	0.05	0.23920973489005465	0.11264448807554635	0.011264448807554636	0.7514661706436939	0.25877489052286246	R_Growth	Biomass reaction (VB LC1 V2.2 same components)	0.011264448807554636	0.011264448807554636
Low O2	0.05	0.23920973489005465	0.11264448807554635	0.011264448807554636	0.7514661706436939	0.25877489052286246	R_GLCabc	D-glucose transport via ABC system	2.8	2.8
Low O2	0.05	0.23920973489005465	0.11264448807554635	0.011264448807554636	0.7514661706436939	0.25877489052286246	R_GLCDpp	Glucose dehydrogenase (ubiquinone-8 as acceptor) (periplasm)	0.0	0.0
Low O2	0.05	0.23920973489005465	0.11264448807554635	0.011264448807554636	0.7514661706436939	0.25877489052286246	R_EX_glcn_e	EX_glcn_e	-0.0	-0.0
Low O2	0.05	0.23920973489005465	0.11264448807554635	0.011264448807554636	0.7514661706436939	0.25877489052286246	R_PFK	Phosphofructokinase	1.636423148131148	1.636423148131148
Low O2	0.05	0.23920973489005465	0.11264448807554635	0.011264448807554636	0.7514661706436939	0.25877489052286246	R_GAPD	Glyceraldehyde-3-phosphate dehydrogenase	4.4071310128038	4.4071310128038
Low O2	0.05	0.23920973489005465	0.11264448807554635	0.011264448807554636	0.7514661706436939	0.25877489052286246	R_ENO	Enolase	4.3952320067862285	4.3952320067862285
Low O2	0.05	0.23920973489005465	0.11264448807554635	0.011264448807554636	0.7514661706436939	0.25877489052286246	R_PYK	Pyruvate kinase	2.626078353124385	2.626078353124385
Low O2	0.05	0.23920973489005465	0.11264448807554635	0.011264448807554636	0.7514661706436939	0.25877489052286246	R_PDH	Pyruvate dehydrogenase	4.312120991918301	4.312120991918301
Low O2	0.05	0.23920973489005465	0.11264448807554635	0.011264448807554636	0.7514661706436939	0.25877489052286246	R_CS	Citrate synthase	0.013378867471324891	0.013378867471324891
Low O2	0.05	0.23920973489005465	0.11264448807554635	0.011264448807554636	0.7514661706436939	0.25877489052286246	R_ACACT1r	Acetyl-CoA C-acetyltransferase	3.0058646825747757	3.0058646825747757
Low O2	0.05	0.23920973489005465	0.11264448807554635	0.011264448807554636	0.7514661706436939	0.25877489052286246	R_AACOAR_syn	Acetoacetyl CoA reductase	-0.0	-0.0
Low O2	0.05	0.23920973489005465	0.11264448807554635	0.011264448807554636	0.7514661706436939	0.25877489052286246	R_HBCE	3 hydroxyacyl CoA dehydratase  3 hydroxybutanoyl CoA	3.0058646825747757	3.0058646825747757
Low O2	0.05	0.23920973489005465	0.11264448807554635	0.011264448807554636	0.7514661706436939	0.25877489052286246	R_HACD1	3-hydroxyacyl-CoA dehydrogenase (acetoacetyl-CoA)	3.0058646825747757	3.0058646825747757
Low O2	0.05	0.23920973489005465	0.11264448807554635	0.011264448807554636	0.7514661706436939	0.25877489052286246	R_PHB_SYN_HB	Poly(3-hydroxybutyrate) synthase	0.7514661706436939	0.7514661706436939
Low O2	0.05	0.23920973489005465	0.11264448807554635	0.011264448807554636	0.7514661706436939	0.25877489052286246	R_DM_phb_c	PHB intracellular accumulation demand	0.7514661706436939	0.7514661706436939
Low O2	0.05	0.23920973489005465	0.11264448807554635	0.011264448807554636	0.7514661706436939	0.25877489052286246	R_ATPS4rpp	ATP synthase (four protons for one ATP) (periplasm)	0.9519530285543422	0.9519530285543422
Low O2	0.05	0.23920973489005465	0.11264448807554635	0.011264448807554636	0.7514661706436939	0.25877489052286246	R_CYO1_KT	Ubiquinol   cytochrome c reductase	0.4783718780914186	0.4783718780914186
Low O2	0.05	0.23920973489005465	0.11264448807554635	0.011264448807554636	0.7514661706436939	0.25877489052286246	R_CYTCAA3pp	Cytochrome c oxidase aa3  2 protons1 electron    periplasm	0.4783718780914186	0.4783718780914186
PHB-optimal O2	0.25	1.1960486744502732	0.1527241557634616	0.015272415576346161	0.8319955738200966	0.2865059958006885	R_EX_glc__D_e	EX_glc__D_e	-2.8	2.8
PHB-optimal O2	0.25	1.1960486744502732	0.1527241557634616	0.015272415576346161	0.8319955738200966	0.2865059958006885	R_EX_o2_e	EX_o2_e	-1.1960486744502732	1.1960486744502732
PHB-optimal O2	0.25	1.1960486744502732	0.1527241557634616	0.015272415576346161	0.8319955738200966	0.2865059958006885	R_Growth	Biomass reaction (VB LC1 V2.2 same components)	0.015272415576346161	0.015272415576346161
PHB-optimal O2	0.25	1.1960486744502732	0.1527241557634616	0.015272415576346161	0.8319955738200966	0.2865059958006885	R_GLCabc	D-glucose transport via ABC system	2.8	2.8
PHB-optimal O2	0.25	1.1960486744502732	0.1527241557634616	0.015272415576346161	0.8319955738200966	0.2865059958006885	R_GLCDpp	Glucose dehydrogenase (ubiquinone-8 as acceptor) (periplasm)	0.0	0.0
PHB-optimal O2	0.25	1.1960486744502732	0.1527241557634616	0.015272415576346161	0.8319955738200966	0.2865059958006885	R_EX_glcn_e	EX_glcn_e	-0.0	-0.0
PHB-optimal O2	0.25	1.1960486744502732	0.1527241557634616	0.015272415576346161	0.8319955738200966	0.2865059958006885	R_PFK	Phosphofructokinase	0.226936378445326	0.226936378445326
PHB-optimal O2	0.25	1.1960486744502732	0.1527241557634616	0.015272415576346161	0.8319955738200966	0.2865059958006885	R_GAPD	Glyceraldehyde-3-phosphate dehydrogenase	2.987221904041768	2.987221904041768
PHB-optimal O2	0.25	1.1960486744502732	0.1527241557634616	0.015272415576346161	0.8319955738200966	0.2865059958006885	R_ENO	Enolase	2.971089151525381	2.971089151525381
PHB-optimal O2	0.25	1.1960486744502732	0.1527241557634616	0.015272415576346161	0.8319955738200966	0.2865059958006885	R_PYK	Pyruvate kinase	0.0	0.0
PHB-optimal O2	0.25	1.1960486744502732	0.1527241557634616	0.015272415576346161	0.8319955738200966	0.2865059958006885	R_PDH	Pyruvate dehydrogenase	2.858406677689326	2.858406677689326
PHB-optimal O2	0.25	1.1960486744502732	0.1527241557634616	0.015272415576346161	0.8319955738200966	0.2865059958006885	R_CS	Citrate synthase	0.018139158644486765	0.018139158644486765
PHB-optimal O2	0.25	1.1960486744502732	0.1527241557634616	0.015272415576346161	0.8319955738200966	0.2865059958006885	R_ACACT1r	Acetyl-CoA C-acetyltransferase	3.3279822952803864	3.3279822952803864
PHB-optimal O2	0.25	1.1960486744502732	0.1527241557634616	0.015272415576346161	0.8319955738200966	0.2865059958006885	R_AACOAR_syn	Acetoacetyl CoA reductase	-0.0	-0.0
PHB-optimal O2	0.25	1.1960486744502732	0.1527241557634616	0.015272415576346161	0.8319955738200966	0.2865059958006885	R_HBCE	3 hydroxyacyl CoA dehydratase  3 hydroxybutanoyl CoA	3.3279822952803864	3.3279822952803864
PHB-optimal O2	0.25	1.1960486744502732	0.1527241557634616	0.015272415576346161	0.8319955738200966	0.2865059958006885	R_HACD1	3-hydroxyacyl-CoA dehydrogenase (acetoacetyl-CoA)	3.3279822952803864	3.3279822952803864
PHB-optimal O2	0.25	1.1960486744502732	0.1527241557634616	0.015272415576346161	0.8319955738200966	0.2865059958006885	R_PHB_SYN_HB	Poly(3-hydroxybutyrate) synthase	0.8319955738200966	0.8319955738200966
PHB-optimal O2	0.25	1.1960486744502732	0.1527241557634616	0.015272415576346161	0.8319955738200966	0.2865059958006885	R_DM_phb_c	PHB intracellular accumulation demand	0.8319955738200966	0.8319955738200966
PHB-optimal O2	0.25	1.1960486744502732	0.1527241557634616	0.015272415576346161	0.8319955738200966	0.2865059958006885	R_ATPS4rpp	ATP synthase (four protons for one ATP) (periplasm)	4.7756189095419	4.7756189095419
PHB-optimal O2	0.25	1.1960486744502732	0.1527241557634616	0.015272415576346161	0.8319955738200966	0.2865059958006885	R_CYO1_KT	Ubiquinol   cytochrome c reductase	2.392032823768418	2.392032823768418
PHB-optimal O2	0.25	1.1960486744502732	0.1527241557634616	0.015272415576346161	0.8319955738200966	0.2865059958006885	R_CYTCAA3pp	Cytochrome c oxidase aa3  2 protons1 electron    periplasm	2.392032823768418	2.392032823768418
High O2	1.0	4.784194697801093	0.28733204194506157	0.02873320419450616	0.7941395316151494	0.2734698891069928	R_EX_glc__D_e	EX_glc__D_e	-2.8	2.8
High O2	1.0	4.784194697801093	0.28733204194506157	0.02873320419450616	0.7941395316151494	0.2734698891069928	R_EX_o2_e	EX_o2_e	-1.325684734516241	1.325684734516241
High O2	1.0	4.784194697801093	0.28733204194506157	0.02873320419450616	0.7941395316151494	0.2734698891069928	R_Growth	Biomass reaction (VB LC1 V2.2 same components)	0.02873320419450616	0.02873320419450616
High O2	1.0	4.784194697801093	0.28733204194506157	0.02873320419450616	0.7941395316151494	0.2734698891069928	R_GLCabc	D-glucose transport via ABC system	2.8	2.8
High O2	1.0	4.784194697801093	0.28733204194506157	0.02873320419450616	0.7941395316151494	0.2734698891069928	R_GLCDpp	Glucose dehydrogenase (ubiquinone-8 as acceptor) (periplasm)	0.0	0.0
High O2	1.0	4.784194697801093	0.28733204194506157	0.02873320419450616	0.7941395316151494	0.2734698891069928	R_EX_glcn_e	EX_glcn_e	-0.0	-0.0
High O2	1.0	4.784194697801093	0.28733204194506157	0.02873320419450616	0.7941395316151494	0.2734698891069928	R_PFK	Phosphofructokinase	0.4261987737912951	0.4261987737912951
High O2	1.0	4.784194697801093	0.28733204194506157	0.02873320419450616	0.7941395316151494	0.2734698891069928	R_GAPD	Glyceraldehyde-3-phosphate dehydrogenase	3.151480789801761	3.151480789801761
High O2	1.0	4.784194697801093	0.28733204194506157	0.02873320419450616	0.7941395316151494	0.2734698891069928	R_ENO	Enolase	3.1211289656158723	3.1211289656158723
High O2	1.0	4.784194697801093	0.28733204194506157	0.02873320419450616	0.7941395316151494	0.2734698891069928	R_PYK	Pyruvate kinase	0.0	0.0
High O2	1.0	4.784194697801093	0.28733204194506157	0.02873320419450616	0.7941395316151494	0.2734698891069928	R_PDH	Pyruvate dehydrogenase	2.9091305090979973	2.9091305090979973
High O2	1.0	4.784194697801093	0.28733204194506157	0.02873320419450616	0.7941395316151494	0.2734698891069928	R_CS	Citrate synthase	0.034126634823623166	0.034126634823623166
High O2	1.0	4.784194697801093	0.28733204194506157	0.02873320419450616	0.7941395316151494	0.2734698891069928	R_ACACT1r	Acetyl-CoA C-acetyltransferase	3.1765581264605975	3.1765581264605975
High O2	1.0	4.784194697801093	0.28733204194506157	0.02873320419450616	0.7941395316151494	0.2734698891069928	R_AACOAR_syn	Acetoacetyl CoA reductase	-0.0	-0.0
High O2	1.0	4.784194697801093	0.28733204194506157	0.02873320419450616	0.7941395316151494	0.2734698891069928	R_HBCE	3 hydroxyacyl CoA dehydratase  3 hydroxybutanoyl CoA	3.1765581264605975	3.1765581264605975
High O2	1.0	4.784194697801093	0.28733204194506157	0.02873320419450616	0.7941395316151494	0.2734698891069928	R_HACD1	3-hydroxyacyl-CoA dehydrogenase (acetoacetyl-CoA)	3.1765581264605975	3.1765581264605975
High O2	1.0	4.784194697801093	0.28733204194506157	0.02873320419450616	0.7941395316151494	0.2734698891069928	R_PHB_SYN_HB	Poly(3-hydroxybutyrate) synthase	0.7941395316151494	0.7941395316151494
High O2	1.0	4.784194697801093	0.28733204194506157	0.02873320419450616	0.7941395316151494	0.2734698891069928	R_DM_phb_c	PHB intracellular accumulation demand	0.7941395316151494	0.7941395316151494
High O2	1.0	4.784194697801093	0.28733204194506157	0.02873320419450616	0.7941395316151494	0.2734698891069928	R_ATPS4rpp	ATP synthase (four protons for one ATP) (periplasm)	5.284843904096301	5.284843904096301
High O2	1.0	4.784194697801093	0.28733204194506157	0.02873320419450616	0.7941395316151494	0.2734698891069928	R_CYO1_KT	Ubiquinol   cytochrome c reductase	2.6512480727944174	2.6512480727944174
High O2	1.0	4.784194697801093	0.28733204194506157	0.02873320419450616	0.7941395316151494	0.2734698891069928	R_CYTCAA3pp	Cytochrome c oxidase aa3  2 protons1 electron    periplasm	2.6512480727944174	2.6512480727944174
